Month,Avg_players,Gain,Peak_players,Start_date,End_date,Prize_pool,Tour_days
737850,268014467.0,4793038.0,30144709.0,737850,737850,2704200.0,1
737699,264884164.0,-2647738.0,23244208.0,737699,737730,4981230.0,31
737638,292866255.0,11290630.0,15619534.0,737638,737638,250000.0,1
737638,292866255.0,11290630.0,15619534.0,737638,737638,5000000.0,1
737546,281688300.0,24475800.0,11267532.0,737546,737546,2000000.0,1
737546,257212500.0,-13537500.0,11145875.0,737546,737546,2000000.0,1
737456,276480000.0,16560000.0,11980800.0,737456,737456,250000.0,1
737394,221616000.0,13198464.0,9603360.0,737394,737394,4013650.0,1
737364,208417536.0,44741808.0,9031427.0,737364,737394,250000.0,30
737272,165095856.0,18004138.0,7154154.0,737272,737303,10000000.0,31
737850,349011439.0,2439636.0,43055014.0,737850,737850,55449.0,1
737822,346571803.0,13034419.0,34657180.0,737822,737850,102724.0,28
737822,346571803.0,13034419.0,34657180.0,737822,737881,166612.0,59
737791,333537384.0,10059801.0,44471651.0,737791,737881,108000.0,90
737791,333537384.0,10059801.0,44471651.0,737791,737850,140630.0,59
737791,333537384.0,10059801.0,44471651.0,737791,737850,140630.0,59
737791,333537384.0,10059801.0,44471651.0,737791,737822,106500.0,31
737730,320274521.0,1295928.0,42703269.0,737730,737730,300000.0,1
737730,320274521.0,1295928.0,42703269.0,737730,737730,300000.0,1
737730,320274521.0,1295928.0,42703269.0,737730,737730,300000.0,1
737881,3011477.0,256463.0,430114.0,737881,737942,11500.0,61
737881,3011477.0,256463.0,430114.0,737881,737942,11500.0,61
737881,3011477.0,256463.0,430114.0,737881,737942,11500.0,61
737881,3011477.0,256463.0,430114.0,737881,737911,250000.0,30
737850,2755014.0,188697.0,401233.0,737850,737850,250000.0,1
737760,2932277.0,472836.0,276930.0,737760,737760,500000.0,1
737699,2575029.0,118684.0,287133.0,737699,737699,500000.0,1
737669,2456345.0,-217615.0,304754.0,737669,737669,250000.0,1
737638,2673960.0,-449176.0,231071.0,737638,737699,90500.0,61
737638,2673960.0,-449176.0,231071.0,737638,737699,90500.0,61
737638,2673960.0,-449176.0,231071.0,737638,737699,90500.0,61
737607,3123136.0,-65427.0,233917.0,737607,737638,98328.0,31
737607,3123136.0,-65427.0,233917.0,737607,737607,500000.0,1
737577,3188563.0,-163687.0,269851.0,737577,737577,250000.0,1
737546,3352250.0,2250.0,375085.0,737546,737577,5000.0,31
737546,3352250.0,2250.0,375085.0,737546,737546,5000.0,1
737516,3350000.0,-906250.0,341135.0,737516,737577,5000.0,61
737516,3350000.0,-906250.0,341135.0,737516,737577,5000.0,61
737485,4256250.0,112812.0,341000.0,737485,737485,250000.0,1
737456,4143438.0,-439743.0,380500.0,737456,737456,2500.0,1
737425,4583181.0,-232727.0,371475.0,737425,737456,250000.0,31
737394,4815908.0,367724.0,354991.0,737394,737394,75000.0,1
737333,4965412.0,-359990.0,472409.0,737333,737333,500000.0,1
737272,5257818.0,-1012144.0,424921.0,737272,737333,6500.0,61
737272,5257818.0,-1012144.0,424921.0,737272,737333,6500.0,61
737272,5257818.0,-1012144.0,424921.0,737272,737333,6500.0,61
737272,5257818.0,-1012144.0,424921.0,737272,737272,500000.0,1
737180,6351438.0,751750.0,505796.0,737180,737241,6500.0,61
737180,6351438.0,751750.0,505796.0,737180,737241,6500.0,61
737180,6351438.0,751750.0,505796.0,737180,737241,6500.0,61
737119,5182465.0,-1437697.0,429984.0,737119,737119,30000.0,1
737119,5182465.0,-1437697.0,429984.0,737119,737119,300000.0,1
737091,6620162.0,-1351935.0,547299.0,737091,737119,250000.0,28
737091,6620162.0,-1351935.0,547299.0,737091,737119,25000.0,28
737881,13301175.0,646158.0,1901144.0,737881,737911,26040.0,30
737822,12166580.0,841115.0,1420014.0,737822,737911,108536.0,89
737822,12166580.0,841115.0,1420014.0,737822,737911,116994.0,89
737791,11325465.0,-2561935.0,1324450.0,737791,737911,333361.0,120
737791,11325465.0,-2561935.0,1324450.0,737791,737791,513793.0,1
737730,13395810.0,2684574.0,712569.0,737730,737760,500000.0,30
737699,10711236.0,-563749.0,906970.0,737699,737730,30000.0,31
737638,11618545.0,-874514.0,1735841.0,737638,737730,108234.0,92
737638,11618545.0,-874514.0,1735841.0,737638,737699,328000.0,61
737638,11618545.0,-874514.0,1735841.0,737638,737730,116994.0,92
737638,11618545.0,-874514.0,1735841.0,737638,737669,73330.0,31
737546,16380375.0,3519750.0,955215.0,737546,737607,350000.0,61
737485,13537500.0,-712500.0,786625.0,737485,737546,28500.0,61
737456,14250000.0,426000.0,712500.0,737456,737546,95000.0,90
737425,13824000.0,828000.0,599040.0,737425,737516,328000.0,91
737850,6102337.0,87858.0,501663.0,737850,737942,175000.0,92
737850,6102337.0,87858.0,501663.0,737850,737911,175000.0,61
737850,6102337.0,87858.0,501663.0,737850,737911,100000.0,61
737850,6102337.0,87858.0,501663.0,737850,737911,250200.0,61
737791,5324456.0,373655.0,405654.0,737791,737791,18507.0,1
737760,4950801.0,595253.0,396720.0,737760,737760,150000.0,1
737760,4950801.0,595253.0,396720.0,737760,737760,75000.0,1
737760,6001625.0,537619.0,240065.0,737760,737760,150000.0,1
737760,6001625.0,537619.0,240065.0,737760,737760,75000.0,1
737730,5055548.0,-320360.0,337037.0,737730,737760,100000.0,30
737730,5055548.0,-320360.0,337037.0,737730,737760,100000.0,30
737730,5055548.0,-320360.0,337037.0,737730,737730,21147.0,1
737730,5055548.0,-320360.0,337037.0,737730,737730,15132.0,1
737638,5597572.0,-113629.0,373171.0,737638,737699,175000.0,61
737638,5597572.0,-113629.0,373171.0,737638,737699,100000.0,61
737638,5597572.0,-113629.0,373171.0,737638,737638,21147.0,1
737607,5711201.0,-299937.0,380747.0,737607,737730,175000.0,123
737607,5711201.0,-299937.0,380747.0,737607,737730,175000.0,123
737607,5711201.0,-299937.0,380747.0,737607,737730,100000.0,123
737607,5711201.0,-299937.0,380747.0,737607,737730,175000.0,123
737516,6388711.0,-197589.0,276844.0,737516,737516,21147.0,1
737485,6586300.0,6300.0,285406.0,737485,737577,175000.0,92
737485,6586300.0,6300.0,285406.0,737485,737577,175000.0,92
737485,6586300.0,6300.0,285406.0,737485,737577,175000.0,92
737456,6580000.0,262500.0,658000.0,737456,737577,100000.0,121
737456,6580000.0,262500.0,658000.0,737456,737577,175000.0,121
737456,6580000.0,262500.0,658000.0,737456,737577,175000.0,121
737456,6580000.0,262500.0,658000.0,737456,737577,100000.0,121
737456,6580000.0,262500.0,658000.0,737456,737699,3700000.0,243
737333,4972833.0,94592.0,215489.0,737333,737333,250000.0,1
737241,5075322.0,584657.0,219931.0,737241,737272,200000.0,31
737211,4490665.0,-622075.0,194595.0,737211,737272,200000.0,61
737211,4490665.0,-622075.0,194595.0,737211,737272,100000.0,61
737211,4490665.0,-622075.0,194595.0,737211,737272,200000.0,61
737211,4490665.0,-622075.0,194595.0,737211,737272,100000.0,61
737211,4490665.0,-622075.0,194595.0,737211,737272,200000.0,61
737211,4490665.0,-622075.0,194595.0,737211,737272,100000.0,61
737180,5112740.0,-307256.0,255637.0,737180,737211,125000.0,31
737180,5112740.0,-307256.0,255637.0,737180,737211,29000.0,31
737180,5112740.0,-307256.0,255637.0,737180,737180,125000.0,1
737180,5112740.0,-307256.0,255637.0,737180,737180,6000.0,1
737881,536067.0,3112.8,110344.0,737881,737881,716494.0,1
737881,536067.0,3112.8,110344.0,737881,737881,30000.0,1
737881,536067.0,3112.8,110344.0,737881,737881,100000.0,1
737881,536067.0,3112.8,110344.0,737881,737881,100000.0,1
737881,536067.0,3112.8,110344.0,737881,737881,25000.0,1
737881,536067.0,3112.8,110344.0,737881,737881,100000.0,1
737850,504938.0,-3229.2,94672.0,737850,737881,90000.0,31
737850,504938.0,-3229.2,94672.0,737850,737850,30000.0,1
737850,504938.0,-3229.2,94672.0,737850,737850,100000.0,1
737850,504938.0,-3229.2,94672.0,737850,737881,90000.0,31
737850,504938.0,-3229.2,94672.0,737850,737850,25000.0,1
737850,504938.0,-3229.2,94672.0,737850,737850,100000.0,1
737850,504938.0,-3229.2,94672.0,737850,737850,100000.0,1
737850,504938.0,-3229.2,94672.0,737850,737850,25000.0,1
737850,504938.0,-3229.2,94672.0,737850,737850,210.0,1
737822,537230.0,-5726.1,103429.0,737822,737822,100000.0,1
737822,537230.0,-5726.1,103429.0,737822,737822,100000.0,1
737822,537230.0,-5726.1,103429.0,737822,737822,25000.0,1
737822,537230.0,-5726.1,103429.0,737822,737822,25000.0,1
737822,537230.0,-5726.1,103429.0,737822,737822,10000.0,1
737822,537230.0,-5726.1,103429.0,737822,737850,2000.0,28
737791,594492.0,-6315.9,112482.0,737791,737791,100000.0,1
737791,594492.0,-6315.9,112482.0,737791,737791,25000.0,1
737791,594492.0,-6315.9,112482.0,737791,737791,100000.0,1
737791,594492.0,-6315.9,112482.0,737791,737822,2000.0,31
737760,657651.0,-1785.3,135714.0,737760,737760,2423940.0,1
737760,657651.0,-1785.3,135714.0,737760,737760,25000.0,1
737760,657651.0,-1785.3,135714.0,737760,737760,25000.0,1
737760,657651.0,-1785.3,135714.0,737760,737760,100000.0,1
737760,657651.0,-1785.3,135714.0,737760,737791,30000.0,31
737760,657651.0,-1785.3,135714.0,737760,737760,25000.0,1
737760,657651.0,-1785.3,135714.0,737760,737760,100000.0,1
737730,675504.0,-4805.2,128577.0,737730,737760,2000.0,30
737730,675504.0,-4805.2,128577.0,737730,737730,100000.0,1
737730,675504.0,-4805.2,128577.0,737730,737730,100000.0,1
737730,675504.0,-4805.2,128577.0,737730,737791,15000.0,61
737730,675504.0,-4805.2,128577.0,737730,737791,15000.0,61
737730,675504.0,-4805.2,128577.0,737730,737730,25000.0,1
737730,675504.0,-4805.2,128577.0,737730,737760,5654.0,30
737730,675504.0,-4805.2,128577.0,737730,737730,10000.0,1
737699,723556.0,19247.4,140667.0,737699,737699,100000.0,1
737699,723556.0,19247.4,140667.0,737699,737699,100000.0,1
737699,723556.0,19247.4,140667.0,737699,737699,25000.0,1
737699,723556.0,19247.4,140667.0,737699,737699,10000.0,1
737699,723556.0,19247.4,140667.0,737699,737699,25000.0,1
737699,723556.0,19247.4,140667.0,737699,737730,2000.0,31
737669,531082.0,11906.2,146902.0,737669,737699,100000.0,30
737669,531082.0,11906.2,146902.0,737669,737699,30000.0,30
737669,531082.0,11906.2,146902.0,737669,737699,25000.0,30
737669,531082.0,11906.2,146902.0,737669,737669,100000.0,1
737669,531082.0,11906.2,146902.0,737669,737669,100000.0,1
737669,531082.0,11906.2,146902.0,737669,737669,25000.0,1
737669,531082.0,11906.2,146902.0,737669,737669,30000.0,1
737638,412020.0,-691.3,70357.0,737638,737669,100000.0,31
737638,412020.0,-691.3,70357.0,737638,737638,100000.0,1
737638,412020.0,-691.3,70357.0,737638,737638,25000.0,1
737638,412020.0,-691.3,70357.0,737638,737638,20000.0,1
737638,412020.0,-691.3,70357.0,737638,737638,100000.0,1
737607,418933.0,756.7,71681.0,737607,737607,25000.0,1
737607,418933.0,756.7,71681.0,737607,737607,44991.0,1
737607,418933.0,756.7,71681.0,737607,737607,44991.0,1
737607,418933.0,756.7,71681.0,737607,737607,22750.0,1
737607,418933.0,756.7,71681.0,737607,737607,37000.0,1
737607,418933.0,756.7,71681.0,737607,737607,45000.0,1
737577,411366.0,-4478.9,72502.0,737577,737577,46000.0,1
737577,411366.0,-4478.9,72502.0,737577,737577,10000.0,1
737577,411366.0,-4478.9,72502.0,737577,737577,9000.0,1
737546,456156.0,-8517.6,79770.0,737546,737577,25000.0,31
737546,456156.0,-8517.6,79770.0,737546,737546,25000.0,1
737546,456156.0,-8517.6,79770.0,737546,737546,4840.0,1
737546,456156.0,-8517.6,79770.0,737546,737546,125000.0,1
737546,456156.0,-8517.6,79770.0,737546,737546,50000.0,1
737516,541332.0,5688.0,100771.0,737516,737516,125000.0,1
737516,541332.0,5688.0,100771.0,737516,737516,50000.0,1
737516,541332.0,5688.0,100771.0,737516,737516,57500.0,1
737485,484451.0,7853.0,119124.0,737485,737485,20000.0,1
737456,405922.0,-1331.0,80454.0,737456,737516,82500.0,60
737456,405922.0,-1331.0,80454.0,737456,737485,25000.0,29
737456,405922.0,-1331.0,80454.0,737456,737485,67000.0,29
737456,405922.0,-1331.0,80454.0,737456,737456,67000.0,1
737456,405922.0,-1331.0,80454.0,737456,737485,31397360.0,29
737456,405922.0,-1331.0,80454.0,737456,737485,31397360.0,29
737881,7233465.0,-17581.3,1148077.0,737881,737942,9100.0,61
737881,7233465.0,-17581.3,1148077.0,737881,737942,71000.0,61
737881,7233465.0,-17581.3,1148077.0,737881,737911,476032.0,30
737881,7233465.0,-17581.3,1148077.0,737881,737911,1216.0,30
737881,7233465.0,-17581.3,1148077.0,737881,737911,250000.0,30
737881,7233465.0,-17581.3,1148077.0,737881,737881,12088.0,1
737881,7233465.0,-17581.3,1148077.0,737881,737911,6090.0,30
737881,7233465.0,-17581.3,1148077.0,737881,737881,6741.0,1
737881,7233465.0,-17581.3,1148077.0,737881,737881,12600.0,1
737881,7233465.0,-17581.3,1148077.0,737881,737881,3333.0,1
737881,7233465.0,-17581.3,1148077.0,737881,737881,1000.0,1
737881,7233465.0,-17581.3,1148077.0,737881,737881,5000.0,1
737881,7233465.0,-17581.3,1148077.0,737881,737881,20363.0,1
737881,7233465.0,-17581.3,1148077.0,737881,737881,3238.0,1
737881,7233465.0,-17581.3,1148077.0,737881,737911,17804.0,30
737881,7233465.0,-17581.3,1148077.0,737881,737911,100000.0,30
737881,7233465.0,-17581.3,1148077.0,737881,737881,3500.0,1
737881,7233465.0,-17581.3,1148077.0,737881,737911,50000.0,30
737881,7233465.0,-17581.3,1148077.0,737881,737881,3300.0,1
737881,7233465.0,-17581.3,1148077.0,737881,737881,3250.0,1
737881,7233465.0,-17581.3,1148077.0,737881,737911,2136.0,30
737881,7233465.0,-17581.3,1148077.0,737881,737881,25000.0,1
737881,7233465.0,-17581.3,1148077.0,737881,737911,2136.0,30
737881,7233465.0,-17581.3,1148077.0,737881,737881,162500.0,1
737881,7233465.0,-17581.3,1148077.0,737881,737911,100000.0,30
737881,7233465.0,-17581.3,1148077.0,737881,737881,15000.0,1
737881,7233465.0,-17581.3,1148077.0,737881,737881,4619.0,1
737881,7233465.0,-17581.3,1148077.0,737881,737881,5950.0,1
737881,7233465.0,-17581.3,1148077.0,737881,737881,15000.0,1
737881,7233465.0,-17581.3,1148077.0,737881,737881,4000.0,1
737881,7233465.0,-17581.3,1148077.0,737881,737881,3000.0,1
737881,7233465.0,-17581.3,1148077.0,737881,737881,5000.0,1
737881,7233465.0,-17581.3,1148077.0,737881,737881,4000.0,1
737881,7233465.0,-17581.3,1148077.0,737881,737881,5000.0,1
737881,7233465.0,-17581.3,1148077.0,737881,737881,15000.0,1
737881,7233465.0,-17581.3,1148077.0,737881,737881,11000.0,1
737881,7233465.0,-17581.3,1148077.0,737881,737881,7094.0,1
737881,7233465.0,-17581.3,1148077.0,737881,737881,50000.0,1
737850,7409278.0,-85.4,1198581.0,737850,737911,11229.0,61
737850,7409278.0,-85.4,1198581.0,737850,737942,31316.0,92
737850,7409278.0,-85.4,1198581.0,737850,737881,30000.0,31
737850,7409278.0,-85.4,1198581.0,737850,737881,15000.0,31
737850,7409278.0,-85.4,1198581.0,737850,737850,2503.0,1
737850,7409278.0,-85.4,1198581.0,737850,737850,1000.0,1
737850,7409278.0,-85.4,1198581.0,737850,737850,15000.0,1
737850,7409278.0,-85.4,1198581.0,737850,737850,4000.0,1
737850,7409278.0,-85.4,1198581.0,737850,737881,1000.0,31
737850,7409278.0,-85.4,1198581.0,737850,737850,25000.0,1
737850,7409278.0,-85.4,1198581.0,737850,737881,15000.0,31
737850,7409278.0,-85.4,1198581.0,737850,737850,7000.0,1
737850,7409278.0,-85.4,1198581.0,737850,737881,10000.0,31
737850,7409278.0,-85.4,1198581.0,737850,737911,14582.0,61
737850,7409278.0,-85.4,1198581.0,737850,737850,10000.0,1
737850,7409278.0,-85.4,1198581.0,737850,737881,15000.0,31
737850,7409278.0,-85.4,1198581.0,737850,737850,25000.0,1
737850,7409278.0,-85.4,1198581.0,737850,737911,3800.0,61
737850,7409278.0,-85.4,1198581.0,737850,737850,15000.0,1
737850,7409278.0,-85.4,1198581.0,737850,737850,15000.0,1
737850,7409278.0,-85.4,1198581.0,737850,737850,25000.0,1
737850,7409278.0,-85.4,1198581.0,737850,737881,100000.0,31
737850,7409278.0,-85.4,1198581.0,737850,737911,9071.0,61
737850,7409278.0,-85.4,1198581.0,737850,737850,1177.0,1
737850,7409278.0,-85.4,1198581.0,737850,737850,4200.0,1
737850,7409278.0,-85.4,1198581.0,737850,737850,12000.0,1
737850,7409278.0,-85.4,1198581.0,737850,737911,30000.0,61
737850,7409278.0,-85.4,1198581.0,737850,737881,750000.0,31
737850,7409278.0,-85.4,1198581.0,737850,737911,12976.0,61
737850,7409278.0,-85.4,1198581.0,737850,737850,11790.0,1
737850,7409278.0,-85.4,1198581.0,737850,737850,5192.0,1
737850,7409278.0,-85.4,1198581.0,737850,737850,12500.0,1
737850,7409278.0,-85.4,1198581.0,737850,737850,12500.0,1
737850,7409278.0,-85.4,1198581.0,737850,737850,4638.0,1
737850,7409278.0,-85.4,1198581.0,737850,737881,100000.0,31
737850,7409278.0,-85.4,1198581.0,737850,737911,10000.0,61
737850,7409278.0,-85.4,1198581.0,737850,737911,48716.0,61
737850,7409278.0,-85.4,1198581.0,737850,737911,25589.0,61
737822,7410132.0,-2196.4,1123485.0,737822,737850,15000.0,28
737822,7410132.0,-2196.4,1123485.0,737822,737822,3000.0,1
737822,7410132.0,-2196.4,1123485.0,737822,737850,1039.0,28
737822,7410132.0,-2196.4,1123485.0,737822,737822,1215.0,1
737822,7410132.0,-2196.4,1123485.0,737822,737822,15000.0,1
737822,7410132.0,-2196.4,1123485.0,737822,737850,157466.0,28
737822,7410132.0,-2196.4,1123485.0,737822,737881,1763.0,59
737822,7410132.0,-2196.4,1123485.0,737822,737850,6040.0,28
737822,7410132.0,-2196.4,1123485.0,737822,737822,1000000.0,1
737822,7410132.0,-2196.4,1123485.0,737822,737850,100000.0,28
737822,7410132.0,-2196.4,1123485.0,737822,737822,15000.0,1
737822,7410132.0,-2196.4,1123485.0,737822,737822,15000.0,1
737822,7410132.0,-2196.4,1123485.0,737822,737911,15518.0,89
737822,7410132.0,-2196.4,1123485.0,737822,737822,150000.0,1
737791,7432097.0,25405.9,1124553.0,737791,737791,1826670.0,1
737791,7432097.0,25405.9,1124553.0,737791,737791,15000.0,1
737791,7432097.0,25405.9,1124553.0,737791,737791,4000.0,1
737791,7432097.0,25405.9,1124553.0,737791,737850,12500.0,59
737791,7432097.0,25405.9,1124553.0,737791,737791,30000.0,1
737791,7432097.0,25405.9,1124553.0,737791,737791,70000.0,1
737791,7432097.0,25405.9,1124553.0,737791,737822,50000.0,31
737791,7432097.0,25405.9,1124553.0,737791,737791,200000.0,1
737791,7432097.0,25405.9,1124553.0,737791,737791,4000.0,1
737791,7432097.0,25405.9,1124553.0,737791,737791,4000.0,1
737791,7432097.0,25405.9,1124553.0,737791,737791,1500.0,1
737791,7432097.0,25405.9,1124553.0,737791,737822,30000.0,31
737791,7432097.0,25405.9,1124553.0,737791,737822,100000.0,31
737791,7432097.0,25405.9,1124553.0,737791,737791,1000000.0,1
737791,7432097.0,25405.9,1124553.0,737791,737881,100000.0,90
737791,7432097.0,25405.9,1124553.0,737791,737881,100000.0,90
737791,7432097.0,25405.9,1124553.0,737791,737791,3570.0,1
737791,7432097.0,25405.9,1124553.0,737791,737881,100000.0,90
737791,7432097.0,25405.9,1124553.0,737791,737791,4638.0,1
737791,7432097.0,25405.9,1124553.0,737791,737791,5000.0,1
737791,7432097.0,25405.9,1124553.0,737791,737822,6300138.0,31
737791,7432097.0,25405.9,1124553.0,737791,737822,30000.0,31
737791,7432097.0,25405.9,1124553.0,737791,737850,6300138.0,59
737791,7432097.0,25405.9,1124553.0,737791,737791,107984.0,1
737791,7432097.0,25405.9,1124553.0,737791,737791,42386.0,1
737791,7432097.0,25405.9,1124553.0,737791,737791,24596.0,1
737791,7432097.0,25405.9,1124553.0,737791,737791,3000.0,1
737791,7432097.0,25405.9,1124553.0,737791,737850,12500.0,59
737791,7432097.0,25405.9,1124553.0,737791,737791,1500.0,1
737760,7178038.0,49049.2,1164396.0,737760,737791,42910.0,31
737760,7178038.0,49049.2,1164396.0,737760,737760,20415.0,1
737760,7178038.0,49049.2,1164396.0,737760,737760,4000.0,1
737760,7178038.0,49049.2,1164396.0,737760,737760,2712654.0,1
737760,7178038.0,49049.2,1164396.0,737760,737760,6000.0,1
737760,7178038.0,49049.2,1164396.0,737760,737760,1225107.0,1
737760,7178038.0,49049.2,1164396.0,737760,737760,4000.0,1
737760,7178038.0,49049.2,1164396.0,737760,737760,10669.0,1
737760,7178038.0,49049.2,1164396.0,737760,737760,1569.0,1
737760,7178038.0,49049.2,1164396.0,737760,737760,11400.0,1
737760,7178038.0,49049.2,1164396.0,737760,737760,500000.0,1
737760,7178038.0,49049.2,1164396.0,737760,737760,30000.0,1
737760,7178038.0,49049.2,1164396.0,737760,737760,20000.0,1
737760,7178038.0,49049.2,1164396.0,737760,737760,5330.0,1
737760,7178038.0,49049.2,1164396.0,737760,737791,30549.0,31
737760,7178038.0,49049.2,1164396.0,737760,737760,100000.0,1
737760,7178038.0,49049.2,1164396.0,737760,737760,1200.0,1
737760,7178038.0,49049.2,1164396.0,737760,737791,45000.0,31
737760,7178038.0,49049.2,1164396.0,737760,737760,425000.0,1
737760,7178038.0,49049.2,1164396.0,737760,737760,141000.0,1
737760,7178038.0,49049.2,1164396.0,737760,737760,4000.0,1
737760,7178038.0,49049.2,1164396.0,737760,737760,4000.0,1
737760,7178038.0,49049.2,1164396.0,737760,737760,19193.0,1
737760,7178038.0,49049.2,1164396.0,737760,737760,25850.0,1
737760,7178038.0,49049.2,1164396.0,737760,737881,300000.0,121
737730,6687546.0,55087.9,1037464.0,737730,737760,15000.0,30
737730,6687546.0,55087.9,1037464.0,737730,737760,15000.0,30
737730,6687546.0,55087.9,1037464.0,737730,737760,30000.0,30
737730,6687546.0,55087.9,1037464.0,737730,737730,320282.0,1
737730,6687546.0,55087.9,1037464.0,737730,737760,150000.0,30
737730,6687546.0,55087.9,1037464.0,737730,737760,70000.0,30
737730,6687546.0,55087.9,1037464.0,737730,737760,50000.0,30
737730,6687546.0,55087.9,1037464.0,737730,737760,15000.0,30
737730,6687546.0,55087.9,1037464.0,737730,737730,4000.0,1
737730,6687546.0,55087.9,1037464.0,737730,737730,4000.0,1
737730,6687546.0,55087.9,1037464.0,737730,737730,11000.0,1
737730,6687546.0,55087.9,1037464.0,737730,737760,30000.0,30
737730,6687546.0,55087.9,1037464.0,737730,737730,100000.0,1
737730,6687546.0,55087.9,1037464.0,737730,737730,35000.0,1
737730,6687546.0,55087.9,1037464.0,737730,737730,50000.0,1
737730,6687546.0,55087.9,1037464.0,737730,737730,1500.0,1
737730,6687546.0,55087.9,1037464.0,737730,737760,35000.0,30
737730,6687546.0,55087.9,1037464.0,737730,737730,7679.0,1
737730,6687546.0,55087.9,1037464.0,737730,737760,6061.0,30
737730,6687546.0,55087.9,1037464.0,737730,737730,10000.0,1
737730,6687546.0,55087.9,1037464.0,737730,737730,4525.0,1
737730,6687546.0,55087.9,1037464.0,737730,737760,1000000.0,30
737730,6687546.0,55087.9,1037464.0,737730,737730,15000.0,1
737730,6687546.0,55087.9,1037464.0,737730,737730,17811.0,1
737730,6687546.0,55087.9,1037464.0,737730,737730,11000.0,1
737730,6687546.0,55087.9,1037464.0,737730,737730,6000.0,1
737730,6687546.0,55087.9,1037464.0,737730,737730,11746.0,1
737730,6687546.0,55087.9,1037464.0,737730,737730,4000.0,1
737730,6687546.0,55087.9,1037464.0,737730,737730,4000.0,1
737730,6687546.0,55087.9,1037464.0,737730,737730,150000.0,1
737730,6687546.0,55087.9,1037464.0,737730,737730,50000.0,1
737730,6687546.0,55087.9,1037464.0,737730,737730,15000.0,1
737730,6687546.0,55087.9,1037464.0,737730,737730,15000.0,1
737730,6687546.0,55087.9,1037464.0,737730,737760,15000.0,30
737730,6687546.0,55087.9,1037464.0,737730,737730,11862.0,1
737699,6136667.0,6816.4,943876.0,737699,737699,4000.0,1
737699,6136667.0,6816.4,943876.0,737699,737730,4000.0,31
737699,6136667.0,6816.4,943876.0,737699,737730,5000.0,31
737699,6136667.0,6816.4,943876.0,737699,737699,3200.0,1
737699,6136667.0,6816.4,943876.0,737699,737760,4000.0,61
737699,6136667.0,6816.4,943876.0,737699,737760,20000.0,61
737699,6136667.0,6816.4,943876.0,737699,737730,150000.0,31
737699,6136667.0,6816.4,943876.0,737699,737699,4000.0,1
737699,6136667.0,6816.4,943876.0,737699,737699,10000.0,1
737699,6136667.0,6816.4,943876.0,737699,737730,50000.0,31
737699,6136667.0,6816.4,943876.0,737699,737699,3000.0,1
737699,6136667.0,6816.4,943876.0,737699,737699,4000.0,1
737699,6136667.0,6816.4,943876.0,737699,737699,16561.0,1
737699,6136667.0,6816.4,943876.0,737699,737699,30070.0,1
737699,6136667.0,6816.4,943876.0,737699,737699,115000.0,1
737699,6136667.0,6816.4,943876.0,737699,737730,6000.0,31
737699,6136667.0,6816.4,943876.0,737699,737730,20000.0,31
737699,6136667.0,6816.4,943876.0,737699,737730,50000.0,31
737699,6136667.0,6816.4,943876.0,737699,737699,15000.0,1
737699,6136667.0,6816.4,943876.0,737699,737699,5500.0,1
737669,6068503.0,-33107.3,977769.0,737669,737699,4000.0,30
737669,6068503.0,-33107.3,977769.0,737669,737699,8806.0,30
737669,6068503.0,-33107.3,977769.0,737669,737669,5330.0,1
737669,6068503.0,-33107.3,977769.0,737669,737669,1500.0,1
737669,6068503.0,-33107.3,977769.0,737669,737669,29409.0,1
737669,6068503.0,-33107.3,977769.0,737669,737669,4000.0,1
737669,6068503.0,-33107.3,977769.0,737669,737669,4000.0,1
737669,6068503.0,-33107.3,977769.0,737669,737669,11116.0,1
737669,6068503.0,-33107.3,977769.0,737669,737730,3146.0,61
737669,6068503.0,-33107.3,977769.0,737669,737669,25000.0,1
737669,6068503.0,-33107.3,977769.0,737669,737699,25000.0,30
737669,6068503.0,-33107.3,977769.0,737669,737699,25000.0,30
737669,6068503.0,-33107.3,977769.0,737669,737669,25000.0,1
737669,6068503.0,-33107.3,977769.0,737669,737669,10000.0,1
737669,6068503.0,-33107.3,977769.0,737669,737699,15000.0,30
737669,6068503.0,-33107.3,977769.0,737669,737730,5383.0,61
737669,6068503.0,-33107.3,977769.0,737669,737699,100000.0,30
737669,6068503.0,-33107.3,977769.0,737669,737669,4250.0,1
737669,6068503.0,-33107.3,977769.0,737669,737791,40000.0,122
737669,6068503.0,-33107.3,977769.0,737669,737669,4000.0,1
737669,6068503.0,-33107.3,977769.0,737669,737669,4000.0,1
737669,6068503.0,-33107.3,977769.0,737669,737669,4600.0,1
737669,6068503.0,-33107.3,977769.0,737669,737699,140000.0,30
737669,6068503.0,-33107.3,977769.0,737669,737730,11500.0,61
737669,6068503.0,-33107.3,977769.0,737669,737699,9000.0,30
737669,6068503.0,-33107.3,977769.0,737669,737730,25589.0,61
737669,6068503.0,-33107.3,977769.0,737669,737699,60000.0,30
737669,6068503.0,-33107.3,977769.0,737669,737699,50000.0,30
737669,6068503.0,-33107.3,977769.0,737669,737669,4000.0,1
737669,6068503.0,-33107.3,977769.0,737669,737669,50000.0,1
737669,6068503.0,-33107.3,977769.0,737669,737730,13000.0,61
737669,6068503.0,-33107.3,977769.0,737669,737699,4000.0,30
737638,6399577.0,14056.9,925348.0,737638,737760,25750.0,122
737638,6399577.0,14056.9,925348.0,737638,737699,450000.0,61
737638,6399577.0,14056.9,925348.0,737638,737669,225000.0,31
737638,6399577.0,14056.9,925348.0,737638,737669,5907.0,31
737638,6399577.0,14056.9,925348.0,737638,737760,15000.0,122
737638,6399577.0,14056.9,925348.0,737638,737669,50000.0,31
737638,6399577.0,14056.9,925348.0,737638,737669,50000.0,31
737638,6399577.0,14056.9,925348.0,737638,737730,6402.0,92
737638,6399577.0,14056.9,925348.0,737638,737638,5800.0,1
737638,6399577.0,14056.9,925348.0,737638,737638,4000.0,1
737638,6399577.0,14056.9,925348.0,737638,737638,20000.0,1
737638,6399577.0,14056.9,925348.0,737638,737638,20000.0,1
737638,6399577.0,14056.9,925348.0,737638,737699,4000.0,61
737638,6399577.0,14056.9,925348.0,737638,737638,4000.0,1
737638,6399577.0,14056.9,925348.0,737638,737699,27634.0,61
737638,6399577.0,14056.9,925348.0,737638,737638,135000.0,1
737638,6399577.0,14056.9,925348.0,737638,737638,6000.0,1
737638,6399577.0,14056.9,925348.0,737638,737638,4000.0,1
737638,6399577.0,14056.9,925348.0,737638,737638,40000.0,1
737638,6399577.0,14056.9,925348.0,737638,737638,325000.0,1
737638,6399577.0,14056.9,925348.0,737638,737638,4000.0,1
737638,6399577.0,14056.9,925348.0,737638,737669,47500.0,31
737638,6399577.0,14056.9,925348.0,737638,737638,50000.0,1
737638,6399577.0,14056.9,925348.0,737638,737638,90000.0,1
737638,6399577.0,14056.9,925348.0,737638,737638,90000.0,1
737638,6399577.0,14056.9,925348.0,737638,737638,40000.0,1
737638,6399577.0,14056.9,925348.0,737638,737638,27500.0,1
737638,6399577.0,14056.9,925348.0,737638,737638,27500.0,1
737638,6399577.0,14056.9,925348.0,737638,737638,29000.0,1
737638,6399577.0,14056.9,925348.0,737638,737638,1150.0,1
737638,6399577.0,14056.9,925348.0,737638,737638,5000.0,1
737607,6259008.0,-45746.7,857560.0,737607,737638,5000.0,31
737607,6259008.0,-45746.7,857560.0,737607,737638,15000.0,31
737607,6259008.0,-45746.7,857560.0,737607,737607,5000.0,1
737607,6259008.0,-45746.7,857560.0,737607,737638,5600.0,31
737607,6259008.0,-45746.7,857560.0,737607,737638,4500.0,31
737607,6259008.0,-45746.7,857560.0,737607,737638,50000.0,31
737607,6259008.0,-45746.7,857560.0,737607,737607,15000.0,1
737607,6259008.0,-45746.7,857560.0,737607,737638,27900.0,31
737607,6259008.0,-45746.7,857560.0,737607,737607,3000.0,1
737607,6259008.0,-45746.7,857560.0,737607,737607,11100.0,1
737607,6259008.0,-45746.7,857560.0,737607,737607,2250.0,1
737607,6259008.0,-45746.7,857560.0,737607,737607,25000.0,1
737607,6259008.0,-45746.7,857560.0,737607,737607,6630.0,1
737607,6259008.0,-45746.7,857560.0,737607,737607,16942.0,1
737607,6259008.0,-45746.7,857560.0,737607,737607,1000.0,1
737607,6259008.0,-45746.7,857560.0,737607,737638,1923.0,31
737607,6259008.0,-45746.7,857560.0,737607,737607,14000.0,1
737607,6259008.0,-45746.7,857560.0,737607,737607,6325.0,1
737607,6259008.0,-45746.7,857560.0,737607,737607,25000.0,1
737607,6259008.0,-45746.7,857560.0,737607,737607,25000.0,1
737607,6259008.0,-45746.7,857560.0,737607,737607,15000.0,1
737607,6259008.0,-45746.7,857560.0,737607,737607,15000.0,1
737577,6716475.0,-97147.8,1009467.0,737577,737669,400000.0,92
737577,6716475.0,-97147.8,1009467.0,737577,737607,50000.0,30
737577,6716475.0,-97147.8,1009467.0,737577,737607,100000.0,30
737577,6716475.0,-97147.8,1009467.0,737577,737607,100000.0,30
737577,6716475.0,-97147.8,1009467.0,737577,737607,100000.0,30
737577,6716475.0,-97147.8,1009467.0,737577,737577,2500.0,1
737577,6716475.0,-97147.8,1009467.0,737577,737577,250000.0,1
737577,6716475.0,-97147.8,1009467.0,737577,737577,50000.0,1
737577,6716475.0,-97147.8,1009467.0,737577,737577,500000.0,1
737577,6716475.0,-97147.8,1009467.0,737577,737577,19765.0,1
737577,6716475.0,-97147.8,1009467.0,737577,737638,3146.0,61
737577,6716475.0,-97147.8,1009467.0,737577,737577,13000.0,1
737577,6716475.0,-97147.8,1009467.0,737577,737638,750000.0,61
737577,6716475.0,-97147.8,1009467.0,737577,737577,12731.0,1
737577,6716475.0,-97147.8,1009467.0,737577,737699,50000.0,122
737577,6716475.0,-97147.8,1009467.0,737577,737669,7900.0,92
737577,6716475.0,-97147.8,1009467.0,737577,737577,162500.0,1
737546,7687953.0,-88809.0,1193359.0,737546,737577,162500.0,31
737546,7687953.0,-88809.0,1193359.0,737546,737638,17725.0,92
737546,7687953.0,-88809.0,1193359.0,737546,737546,6500.0,1
737546,7687953.0,-88809.0,1193359.0,737546,737546,2000000.0,1
737546,7687953.0,-88809.0,1193359.0,737546,737546,4700.0,1
737546,7687953.0,-88809.0,1193359.0,737546,737638,6536.0,92
737546,7687953.0,-88809.0,1193359.0,737546,737577,4379.0,31
737546,7687953.0,-88809.0,1193359.0,737546,737577,4943.0,31
737546,7687953.0,-88809.0,1193359.0,737546,737607,20000.0,61
737546,7687953.0,-88809.0,1193359.0,737546,737546,11950.0,1
737546,7687953.0,-88809.0,1193359.0,737546,737546,35000.0,1
737546,7687953.0,-88809.0,1193359.0,737546,737577,6000.0,31
737546,7687953.0,-88809.0,1193359.0,737546,737607,10000.0,61
737546,7687953.0,-88809.0,1193359.0,737546,737607,15000.0,61
737546,7687953.0,-88809.0,1193359.0,737546,737607,15000.0,61
737546,7687953.0,-88809.0,1193359.0,737546,737546,2550.0,1
737546,7687953.0,-88809.0,1193359.0,737546,737546,45000.0,1
737546,7687953.0,-88809.0,1193359.0,737546,737577,10000.0,31
737546,7687953.0,-88809.0,1193359.0,737546,737546,2000.0,1
737546,7687953.0,-88809.0,1193359.0,737546,737546,6000.0,1
737546,7687953.0,-88809.0,1193359.0,737546,737546,16472.0,1
737546,7687953.0,-88809.0,1193359.0,737546,737546,6285.0,1
737546,7687953.0,-88809.0,1193359.0,737546,737546,7000.0,1
737546,7687953.0,-88809.0,1193359.0,737546,737546,30000.0,1
737516,8576042.0,186570.9,1305714.0,737516,737546,13000.0,30
737516,8576042.0,186570.9,1305714.0,737516,737791,50000.0,275
737516,8576042.0,186570.9,1305714.0,737516,737546,50000.0,30
737516,8576042.0,186570.9,1305714.0,737516,737699,9500.0,183
737516,8576042.0,186570.9,1305714.0,737516,737516,2000.0,1
737516,8576042.0,186570.9,1305714.0,737516,737546,10000.0,30
737516,8576042.0,186570.9,1305714.0,737516,737546,105000.0,30
737516,8576042.0,186570.9,1305714.0,737516,737546,70000.0,30
737516,8576042.0,186570.9,1305714.0,737516,737546,10000.0,30
737516,8576042.0,186570.9,1305714.0,737516,737546,10000.0,30
737516,8576042.0,186570.9,1305714.0,737516,737516,10000.0,1
737516,8576042.0,186570.9,1305714.0,737516,737577,160000.0,61
737516,8576042.0,186570.9,1305714.0,737516,737577,100000.0,61
737516,8576042.0,186570.9,1305714.0,737516,737577,20000.0,61
737516,8576042.0,186570.9,1305714.0,737516,737577,20000.0,61
737516,8576042.0,186570.9,1305714.0,737516,737516,5004.0,1
737516,8576042.0,186570.9,1305714.0,737516,737577,15000.0,61
737516,8576042.0,186570.9,1305714.0,737516,737516,10000.0,1
737516,8576042.0,186570.9,1305714.0,737516,737577,40000.0,61
737516,8576042.0,186570.9,1305714.0,737516,737577,50000.0,61
737516,8576042.0,186570.9,1305714.0,737516,737516,20000.0,1
737516,8576042.0,186570.9,1305714.0,737516,737546,10385.0,30
737516,8576042.0,186570.9,1305714.0,737516,737516,6000.0,1
737516,8576042.0,186570.9,1305714.0,737516,737546,1500.0,30
737485,6710333.0,127054.1,1145972.0,737485,737546,10000.0,61
737485,6710333.0,127054.1,1145972.0,737485,737485,6000.0,1
737485,6710333.0,127054.1,1145972.0,737485,737516,12500.0,31
737485,6710333.0,127054.1,1145972.0,737485,737516,15000.0,31
737485,6710333.0,127054.1,1145972.0,737485,737516,5000.0,31
737485,6710333.0,127054.1,1145972.0,737485,737485,750.0,1
737485,6710333.0,127054.1,1145972.0,737485,737516,15000.0,31
737485,6710333.0,127054.1,1145972.0,737485,737546,40000.0,61
737485,6710333.0,127054.1,1145972.0,737485,737485,10000.0,1
737485,6710333.0,127054.1,1145972.0,737485,737546,5500.0,61
737485,6710333.0,127054.1,1145972.0,737485,737516,219000.0,31
737485,6710333.0,127054.1,1145972.0,737485,737516,10000.0,31
737485,6710333.0,127054.1,1145972.0,737485,737485,1130.0,1
737485,6710333.0,127054.1,1145972.0,737485,737485,1500.0,1
737485,6710333.0,127054.1,1145972.0,737485,737485,5360.0,1
737485,6710333.0,127054.1,1145972.0,737485,737516,531000.0,31
737485,6710333.0,127054.1,1145972.0,737485,737546,43294.0,61
737485,6710333.0,127054.1,1145972.0,737485,737485,50000.0,1
737485,6710333.0,127054.1,1145972.0,737485,737485,50000.0,1
737485,6710333.0,127054.1,1145972.0,737485,737485,50000.0,1
737456,5439792.0,42783.2,916996.0,737456,737516,1000000.0,60
737456,5439792.0,42783.2,916996.0,737456,737485,13944.0,29
737456,5439792.0,42783.2,916996.0,737456,737456,10847.0,1
737456,5439792.0,42783.2,916996.0,737456,737516,3313.0,60
737456,5439792.0,42783.2,916996.0,737456,737485,500000.0,29
737456,5439792.0,42783.2,916996.0,737456,737485,5000.0,29
737456,5439792.0,42783.2,916996.0,737456,737456,7556.0,1
737456,5439792.0,42783.2,916996.0,737456,737456,975.0,1
737456,5439792.0,42783.2,916996.0,737456,737456,100000.0,1
737456,5439792.0,42783.2,916996.0,737456,737456,4340.0,1
737456,5439792.0,42783.2,916996.0,737456,737456,47500.0,1
737456,5439792.0,42783.2,916996.0,737456,737456,13550.0,1
737456,5439792.0,42783.2,916996.0,737456,737456,1450.0,1
737456,5439792.0,42783.2,916996.0,737456,737456,15000.0,1
737456,5439792.0,42783.2,916996.0,737456,737456,6000.0,1
737456,5439792.0,42783.2,916996.0,737456,737485,7160.0,29
737456,5439792.0,42783.2,916996.0,737456,737546,17240.0,90
737456,5439792.0,42783.2,916996.0,737456,737485,50000.0,29
737456,5439792.0,42783.2,916996.0,737456,737456,1300.0,1
737456,5439792.0,42783.2,916996.0,737456,737485,12000.0,29
737456,5439792.0,42783.2,916996.0,737456,737456,250000.0,1
737425,5011960.0,44494.4,817229.0,737425,737456,300000.0,31
737425,5011960.0,44494.4,817229.0,737425,737456,8250.0,31
737425,5011960.0,44494.4,817229.0,737425,737577,100000.0,152
737425,5011960.0,44494.4,817229.0,737425,737425,100000.0,1
737425,5011960.0,44494.4,817229.0,737425,737760,1300.0,335
737425,5011960.0,44494.4,817229.0,737425,737425,20000.0,1
737425,5011960.0,44494.4,817229.0,737425,737425,30000.0,1
737425,5011960.0,44494.4,817229.0,737425,737456,10000.0,31
737425,5011960.0,44494.4,817229.0,737425,737485,20000.0,60
737425,5011960.0,44494.4,817229.0,737425,737425,20000.0,1
737425,5011960.0,44494.4,817229.0,737425,737425,5000.0,1
737394,4567016.0,30620.8,767060.0,737394,737394,8560.0,1
737394,4567016.0,30620.8,767060.0,737394,737425,20000.0,31
737394,4567016.0,30620.8,767060.0,737394,737394,5000.0,1
737394,4567016.0,30620.8,767060.0,737394,737394,20000.0,1
737394,4567016.0,30620.8,767060.0,737394,737394,300000.0,1
737394,4567016.0,30620.8,767060.0,737394,737394,500000.0,1
737394,4567016.0,30620.8,767060.0,737394,737394,75000.0,1
737394,4567016.0,30620.8,767060.0,737394,737394,100000.0,1
737394,4567016.0,30620.8,767060.0,737394,737394,500000.0,1
737394,4567016.0,30620.8,767060.0,737394,737394,150000.0,1
737394,4567016.0,30620.8,767060.0,737394,737394,15000.0,1
737394,4567016.0,30620.8,767060.0,737394,737394,3030.0,1
737394,4567016.0,30620.8,767060.0,737394,737394,15000.0,1
737394,4567016.0,30620.8,767060.0,737394,737394,33600.0,1
737394,4567016.0,30620.8,767060.0,737394,737394,55000.0,1
737394,4567016.0,30620.8,767060.0,737394,737394,600000.0,1
737394,4567016.0,30620.8,767060.0,737394,737394,19000.0,1
737364,4260808.0,17085.5,758412.0,737364,737394,100000.0,30
737364,4260808.0,17085.5,758412.0,737364,737364,16550.0,1
737364,4260808.0,17085.5,758412.0,737364,737364,26400.0,1
737364,4260808.0,17085.5,758412.0,737364,737364,15000.0,1
737364,4260808.0,17085.5,758412.0,737364,737364,300000.0,1
737364,4260808.0,17085.5,758412.0,737364,737364,10000.0,1
737364,4260808.0,17085.5,758412.0,737364,737364,17000.0,1
737364,4260808.0,17085.5,758412.0,737364,737364,3500.0,1
737364,4260808.0,17085.5,758412.0,737364,737364,8800.0,1
737364,4260808.0,17085.5,758412.0,737364,737364,7170.0,1
737364,4260808.0,17085.5,758412.0,737364,737364,100000.0,1
737364,4260808.0,17085.5,758412.0,737364,737394,15000.0,30
737364,4260808.0,17085.5,758412.0,737364,737364,100000.0,1
737364,4260808.0,17085.5,758412.0,737364,737394,30000.0,30
737364,4260808.0,17085.5,758412.0,737364,737394,15000.0,30
737364,4260808.0,17085.5,758412.0,737364,737364,5160.0,1
737364,4260808.0,17085.5,758412.0,737364,737364,250000.0,1
737364,4260808.0,17085.5,758412.0,737364,737364,250000.0,1
737333,4089953.0,-1930.3,747937.0,737333,737364,10000.0,31
737333,4089953.0,-1930.3,747937.0,737333,737333,500000.0,1
737333,4089953.0,-1930.3,747937.0,737333,737333,20000.0,1
737333,4089953.0,-1930.3,747937.0,737333,737425,15000.0,92
737333,4089953.0,-1930.3,747937.0,737333,737425,15000.0,92
737333,4089953.0,-1930.3,747937.0,737333,737333,15000.0,1
737333,4089953.0,-1930.3,747937.0,737333,737333,44512.0,1
737333,4089953.0,-1930.3,747937.0,737333,737333,100000.0,1
737333,4089953.0,-1930.3,747937.0,737333,737333,19396.0,1
737333,4089953.0,-1930.3,747937.0,737333,737333,4250.0,1
737333,4089953.0,-1930.3,747937.0,737333,737333,5517.0,1
737333,4089953.0,-1930.3,747937.0,737333,737333,70000.0,1
737333,4089953.0,-1930.3,747937.0,737333,737364,60000.0,31
737333,4089953.0,-1930.3,747937.0,737333,737364,62000.0,31
737333,4089953.0,-1930.3,747937.0,737333,737394,45747.0,61
737333,4089953.0,-1930.3,747937.0,737333,737333,50000.0,1
737333,4089953.0,-1930.3,747937.0,737333,737333,9000.0,1
737333,4089953.0,-1930.3,747937.0,737333,737364,43995.0,31
737333,4089953.0,-1930.3,747937.0,737333,737425,90000.0,92
737333,4089953.0,-1930.3,747937.0,737333,737364,100000.0,31
737303,4109256.0,-4171.7,720052.0,737303,737394,17230.0,91
737303,4109256.0,-4171.7,720052.0,737303,737303,60000.0,1
737303,4109256.0,-4171.7,720052.0,737303,737364,10000.0,61
737303,4109256.0,-4171.7,720052.0,737303,737303,200000.0,1
737303,4109256.0,-4171.7,720052.0,737303,737394,4800.0,91
737303,4109256.0,-4171.7,720052.0,737303,737303,1500.0,1
737303,4109256.0,-4171.7,720052.0,737303,737333,15000.0,30
737303,4109256.0,-4171.7,720052.0,737303,737425,50000.0,122
737303,4109256.0,-4171.7,720052.0,737303,737364,4000.0,61
737303,4109256.0,-4171.7,720052.0,737303,737303,9400.0,1
737303,4109256.0,-4171.7,720052.0,737303,737303,335000.0,1
737303,4109256.0,-4171.7,720052.0,737303,737303,38435.0,1
737303,4109256.0,-4171.7,720052.0,737303,737364,2000.0,61
737303,4109256.0,-4171.7,720052.0,737303,737303,20000.0,1
737303,4109256.0,-4171.7,720052.0,737303,737364,60000.0,61
737303,4109256.0,-4171.7,720052.0,737303,737303,100000.0,1
737303,4109256.0,-4171.7,720052.0,737303,737303,7500.0,1
737303,4109256.0,-4171.7,720052.0,737303,737303,3971.0,1
737303,4109256.0,-4171.7,720052.0,737303,737303,4070.0,1
737303,4109256.0,-4171.7,720052.0,737303,737303,250000.0,1
737303,4109256.0,-4171.7,720052.0,737303,737364,14000.0,61
737303,4109256.0,-4171.7,720052.0,737303,737364,14000.0,61
737303,4109256.0,-4171.7,720052.0,737303,737333,250000.0,30
737303,4109256.0,-4171.7,720052.0,737303,737364,14000.0,61
737303,4109256.0,-4171.7,720052.0,737303,737303,1700.0,1
737303,4109256.0,-4171.7,720052.0,737303,737303,5000.0,1
737303,4109256.0,-4171.7,720052.0,737303,737303,7500.0,1
737303,4109256.0,-4171.7,720052.0,737303,737333,6300.0,30
737303,4109256.0,-4171.7,720052.0,737303,737333,30000.0,30
737303,4109256.0,-4171.7,720052.0,737303,737364,13800.0,61
737272,4150973.0,21314.5,647461.0,737272,737303,8700.0,31
737272,4150973.0,21314.5,647461.0,737272,737303,100000.0,31
737272,4150973.0,21314.5,647461.0,737272,737272,2022.0,1
737272,4150973.0,21314.5,647461.0,737272,737303,1000.0,31
737272,4150973.0,21314.5,647461.0,737272,737333,3500.0,61
737272,4150973.0,21314.5,647461.0,737272,737303,1000000.0,31
737272,4150973.0,21314.5,647461.0,737272,737303,2496.0,31
737272,4150973.0,21314.5,647461.0,737272,737272,5000.0,1
737272,4150973.0,21314.5,647461.0,737272,737272,10000.0,1
737272,4150973.0,21314.5,647461.0,737272,737272,11145.0,1
737272,4150973.0,21314.5,647461.0,737272,737394,500000.0,122
737272,4150973.0,21314.5,647461.0,737272,737272,10000.0,1
737272,4150973.0,21314.5,647461.0,737272,737333,8700.0,61
737272,4150973.0,21314.5,647461.0,737272,737272,2500.0,1
737272,4150973.0,21314.5,647461.0,737272,737272,15000.0,1
737241,3937828.0,4406.1,578933.0,737241,737272,22000.0,31
737241,3937828.0,4406.1,578933.0,737241,737303,9000.0,62
737241,3937828.0,4406.1,578933.0,737241,737333,10025.0,92
737241,3937828.0,4406.1,578933.0,737241,737241,64100.0,1
737241,3937828.0,4406.1,578933.0,737241,737333,7900.0,92
737241,3937828.0,4406.1,578933.0,737241,737241,50000.0,1
737241,3937828.0,4406.1,578933.0,737241,737241,50000.0,1
737241,3937828.0,4406.1,578933.0,737241,737272,30000.0,31
737241,3937828.0,4406.1,578933.0,737241,737272,25000.0,31
737241,3937828.0,4406.1,578933.0,737241,737241,2179.0,1
737241,3937828.0,4406.1,578933.0,737241,737241,32.0,1
737241,3937828.0,4406.1,578933.0,737241,737241,32.0,1
737241,3937828.0,4406.1,578933.0,737241,737241,250000.0,1
737241,3937828.0,4406.1,578933.0,737241,737241,19000.0,1
737241,3937828.0,4406.1,578933.0,737241,737241,50000.0,1
737241,3937828.0,4406.1,578933.0,737241,737241,50000.0,1
737241,3937828.0,4406.1,578933.0,737241,737241,10000.0,1
737241,3937828.0,4406.1,578933.0,737241,737241,2400.0,1
737241,3937828.0,4406.1,578933.0,737241,737241,230000.0,1
737241,3937828.0,4406.1,578933.0,737241,737241,75000.0,1
737241,3937828.0,4406.1,578933.0,737241,737241,2500.0,1
737241,3937828.0,4406.1,578933.0,737241,737241,15000.0,1
737241,3937828.0,4406.1,578933.0,737241,737303,13968.0,62
737241,3937828.0,4406.1,578933.0,737241,737241,20000.0,1
737241,3937828.0,4406.1,578933.0,737241,737241,15000.0,1
737241,3937828.0,4406.1,578933.0,737241,737303,1800.0,62
737241,3937828.0,4406.1,578933.0,737241,737241,26733.0,1
737241,3937828.0,4406.1,578933.0,737241,737241,100000.0,1
737241,3937828.0,4406.1,578933.0,737241,737241,3500.0,1
737241,3937828.0,4406.1,578933.0,737241,737241,300000.0,1
737241,3937828.0,4406.1,578933.0,737241,737241,6250.0,1
737211,3893767.0,24959.4,587724.0,737211,737211,14697.0,1
737211,3893767.0,24959.4,587724.0,737211,737211,2565.0,1
737211,3893767.0,24959.4,587724.0,737211,737211,15000.0,1
737211,3893767.0,24959.4,587724.0,737211,737211,5000.0,1
737211,3893767.0,24959.4,587724.0,737211,737211,12535.0,1
737211,3893767.0,24959.4,587724.0,737211,737211,4460.0,1
737211,3893767.0,24959.4,587724.0,737211,737211,1500.0,1
737211,3893767.0,24959.4,587724.0,737211,737211,750000.0,1
737211,3893767.0,24959.4,587724.0,737211,737211,10000.0,1
737211,3893767.0,24959.4,587724.0,737211,737211,3000.0,1
737211,3893767.0,24959.4,587724.0,737211,737211,100000.0,1
737211,3893767.0,24959.4,587724.0,737211,737211,75000.0,1
737211,3893767.0,24959.4,587724.0,737211,737241,7368.0,30
737211,3893767.0,24959.4,587724.0,737211,737211,3000.0,1
737211,3893767.0,24959.4,587724.0,737211,737211,2500.0,1
737211,3893767.0,24959.4,587724.0,737211,737211,9960.0,1
737211,3893767.0,24959.4,587724.0,737211,737211,5000.0,1
737211,3893767.0,24959.4,587724.0,737211,737211,15300.0,1
737211,3893767.0,24959.4,587724.0,737211,737303,15750.0,92
737211,3893767.0,24959.4,587724.0,737211,737211,2800.0,1
737211,3893767.0,24959.4,587724.0,737211,737241,1800.0,30
737211,3893767.0,24959.4,587724.0,737211,737241,15000.0,30
737211,3893767.0,24959.4,587724.0,737211,737211,11335.0,1
737211,3893767.0,24959.4,587724.0,737211,737211,22525.0,1
737211,3893767.0,24959.4,587724.0,737211,737272,536341.0,61
737211,3893767.0,24959.4,587724.0,737211,737211,1280.0,1
737211,3893767.0,24959.4,587724.0,737211,737211,850.0,1
737211,3893767.0,24959.4,587724.0,737211,737211,4321.0,1
737180,3644173.0,12427.4,588453.0,737180,737211,27000.0,31
737180,3644173.0,12427.4,588453.0,737180,737241,15000.0,61
737180,3644173.0,12427.4,588453.0,737180,737211,15000.0,31
737180,3644173.0,12427.4,588453.0,737180,737211,15000.0,31
737180,3644173.0,12427.4,588453.0,737180,737211,250000.0,31
737180,3644173.0,12427.4,588453.0,737180,737180,17000.0,1
737180,3644173.0,12427.4,588453.0,737180,737180,150000.0,1
737180,3644173.0,12427.4,588453.0,737180,737180,26177.0,1
737180,3644173.0,12427.4,588453.0,737180,737180,10000.0,1
737180,3644173.0,12427.4,588453.0,737180,737180,100000.0,1
737180,3644173.0,12427.4,588453.0,737180,737241,13800.0,61
737180,3644173.0,12427.4,588453.0,737180,737180,250000.0,1
737180,3644173.0,12427.4,588453.0,737180,737241,3450.0,61
737180,3644173.0,12427.4,588453.0,737180,737272,30000.0,92
737180,3644173.0,12427.4,588453.0,737180,737180,3850.0,1
737180,3644173.0,12427.4,588453.0,737180,737180,1500.0,1
737180,3644173.0,12427.4,588453.0,737180,737180,12000.0,1
737150,3519899.0,-38250.2,621614.0,737150,737180,250000.0,30
737150,3519899.0,-38250.2,621614.0,737150,737241,20000.0,91
737150,3519899.0,-38250.2,621614.0,737150,737211,2500.0,61
737150,3519899.0,-38250.2,621614.0,737150,737211,31251.0,61
737150,3519899.0,-38250.2,621614.0,737150,737241,960.0,91
737150,3519899.0,-38250.2,621614.0,737150,737180,10000.0,30
737150,3519899.0,-38250.2,621614.0,737150,737150,18150.0,1
737150,3519899.0,-38250.2,621614.0,737150,737180,40000.0,30
737150,3519899.0,-38250.2,621614.0,737150,737150,1500.0,1
737150,3519899.0,-38250.2,621614.0,737150,737211,4000.0,61
737150,3519899.0,-38250.2,621614.0,737150,737150,5850.0,1
737150,3519899.0,-38250.2,621614.0,737150,737150,4523.0,1
737150,3519899.0,-38250.2,621614.0,737150,737150,100000.0,1
737150,3519899.0,-38250.2,621614.0,737150,737150,30425.0,1
737150,3519899.0,-38250.2,621614.0,737150,737150,99000.0,1
737150,3519899.0,-38250.2,621614.0,737150,737150,20000.0,1
737150,3519899.0,-38250.2,621614.0,737150,737150,14905.0,1
737150,3519899.0,-38250.2,621614.0,737150,737150,4330.0,1
737150,3519899.0,-38250.2,621614.0,737150,737150,230000.0,1
737150,3519899.0,-38250.2,621614.0,737150,737150,113000.0,1
737150,3519899.0,-38250.2,621614.0,737150,737180,60000.0,30
737150,3519899.0,-38250.2,621614.0,737150,737211,4000.0,61
737150,3519899.0,-38250.2,621614.0,737150,737180,36000.0,30
737150,3519899.0,-38250.2,621614.0,737150,737150,100000.0,1
737119,3902402.0,18881.2,680071.0,737119,737150,13800.0,31
737119,3902402.0,18881.2,680071.0,737119,737150,1500.0,31
737119,3902402.0,18881.2,680071.0,737119,737180,30000.0,61
737119,3902402.0,18881.2,680071.0,737119,737119,7700.0,1
737119,3902402.0,18881.2,680071.0,737119,737180,1900.0,61
737119,3902402.0,18881.2,680071.0,737119,737333,12700.0,214
737119,3902402.0,18881.2,680071.0,737119,737119,5000.0,1
737119,3902402.0,18881.2,680071.0,737119,737241,112394.0,122
737119,3902402.0,18881.2,680071.0,737119,737211,20000.0,92
737119,3902402.0,18881.2,680071.0,737119,737119,105000.0,1
737119,3902402.0,18881.2,680071.0,737119,737180,62000.0,61
737119,3902402.0,18881.2,680071.0,737119,737150,15000.0,31
737091,3713590.0,-30007.9,654069.0,737091,737119,50000.0,28
737091,3713590.0,-30007.9,654069.0,737091,737119,5000.0,28
737091,3713590.0,-30007.9,654069.0,737091,737091,11000.0,1
737091,3713590.0,-30007.9,654069.0,737091,737211,14770.0,120
737091,3713590.0,-30007.9,654069.0,737091,737211,500000.0,120
737091,3713590.0,-30007.9,654069.0,737091,737119,1000000.0,28
737091,3713590.0,-30007.9,654069.0,737091,737150,70000.0,59
737091,3713590.0,-30007.9,654069.0,737091,737091,50000.0,1
737060,4013669.0,5857.6,684511.0,737060,737211,10000.0,151
737060,4013669.0,5857.6,684511.0,737060,737060,7200.0,1
737060,4013669.0,5857.6,684511.0,737060,737060,150000.0,1
737060,4013669.0,5857.6,684511.0,737060,737119,5464.0,59
737060,4013669.0,5857.6,684511.0,737060,737394,1350.0,334
737060,4013669.0,5857.6,684511.0,737060,737091,15000.0,31
737060,4013669.0,5857.6,684511.0,737060,737060,10000.0,1
737060,4013669.0,5857.6,684511.0,737060,737060,12700.0,1
737029,3955093.0,85423.8,746548.0,737029,737029,30000.0,1
737029,3955093.0,85423.8,746548.0,737029,737029,5000.0,1
737029,3955093.0,85423.8,746548.0,737029,737029,3400.0,1
737029,3955093.0,85423.8,746548.0,737029,737029,5200.0,1
737029,3955093.0,85423.8,746548.0,737029,737029,12000.0,1
737029,3955093.0,85423.8,746548.0,737029,737029,230000.0,1
737029,3955093.0,85423.8,746548.0,737029,737060,50000.0,31
737029,3955093.0,85423.8,746548.0,737029,737029,5000.0,1
737029,3955093.0,85423.8,746548.0,737029,737029,1660.0,1
737029,3955093.0,85423.8,746548.0,737029,737029,1081.0,1
737029,3955093.0,85423.8,746548.0,737029,737091,9000.0,62
737029,3955093.0,85423.8,746548.0,737029,737029,1405.0,1
737029,3955093.0,85423.8,746548.0,737029,737029,33300.0,1
737029,3955093.0,85423.8,746548.0,737029,737150,500000.0,121
737029,3955093.0,85423.8,746548.0,737029,737029,15000.0,1
737029,3955093.0,85423.8,746548.0,737029,737029,750000.0,1
737029,3955093.0,85423.8,746548.0,737029,737060,10000.0,31
736999,3100854.0,-15822.4,546031.0,736999,737029,150000.0,30
736999,3100854.0,-15822.4,546031.0,736999,737029,50000.0,30
736999,3100854.0,-15822.4,546031.0,736999,736999,16250.0,1
736999,3100854.0,-15822.4,546031.0,736999,736999,100000.0,1
736999,3100854.0,-15822.4,546031.0,736999,736999,1200.0,1
736999,3100854.0,-15822.4,546031.0,736999,737060,50000.0,61
736999,3100854.0,-15822.4,546031.0,736999,737060,50000.0,61
736999,3100854.0,-15822.4,546031.0,736999,737060,50000.0,61
736999,3100854.0,-15822.4,546031.0,736999,736999,230000.0,1
736999,3100854.0,-15822.4,546031.0,736999,736999,22700.0,1
736968,3259078.0,-7256.2,565968.0,736968,737029,100000.0,61
736968,3259078.0,-7256.2,565968.0,736968,736999,100000.0,31
736968,3259078.0,-7256.2,565968.0,736968,736968,70000.0,1
736968,3259078.0,-7256.2,565968.0,736968,736968,10345.0,1
736968,3259078.0,-7256.2,565968.0,736968,736968,32255.0,1
736938,3331640.0,49632.7,583029.0,736938,736968,1000.0,30
736938,3331640.0,49632.7,583029.0,736938,737119,890000.0,181
736907,2835313.0,10224.0,454370.0,736907,736968,10969.0,61
736907,2835313.0,10224.0,454370.0,736907,736999,10000.0,92
736907,2835313.0,10224.0,454370.0,736907,736968,300000.0,61
736907,2835313.0,10224.0,454370.0,736907,736968,10000.0,61
736907,2835313.0,10224.0,454370.0,736907,736968,100000.0,61
736907,2835313.0,10224.0,454370.0,736907,736968,5000.0,61
736876,2733073.0,6445.0,426008.0,736876,736968,8000.0,92
736876,2733073.0,6445.0,426008.0,736876,736968,300000.0,92
736754,3542703.0,-28186.8,672502.0,736754,737119,3000.0,365
736726,3824571.0,426.6,686588.0,736726,736968,10000.0,242
736573,3544021.0,-20023.6,665371.0,736573,736603,500000.0,30
737881,4137850.0,23372.2,705534.0,737881,737911,75000.0,30
737881,4137850.0,23372.2,705534.0,737881,737911,205000.0,30
737881,4137850.0,23372.2,705534.0,737881,737911,205000.0,30
737881,4137850.0,23372.2,705534.0,737881,737911,75000.0,30
737881,4137850.0,23372.2,705534.0,737881,737911,75000.0,30
737881,4137850.0,23372.2,705534.0,737881,737911,205000.0,30
737881,4137850.0,23372.2,705534.0,737881,737911,75000.0,30
737881,4137850.0,23372.2,705534.0,737881,737911,205000.0,30
737881,4137850.0,23372.2,705534.0,737881,737911,75000.0,30
737881,4137850.0,23372.2,705534.0,737881,737911,205000.0,30
737881,4137850.0,23372.2,705534.0,737881,737911,75000.0,30
737881,4137850.0,23372.2,705534.0,737881,737911,205000.0,30
737881,4137850.0,23372.2,705534.0,737881,737881,10000.0,1
737881,4137850.0,23372.2,705534.0,737881,737881,35000.0,1
737881,4137850.0,23372.2,705534.0,737881,737881,85000.0,1
737881,4137850.0,23372.2,705534.0,737881,737911,18273.0,30
737881,4137850.0,23372.2,705534.0,737881,737881,25000.0,1
737850,3904128.0,-14419.4,648875.0,737850,737911,184521.0,61
737850,3904128.0,-14419.4,648875.0,737850,737881,500000.0,31
737850,3904128.0,-14419.4,648875.0,737850,737881,30000.0,31
737850,3904128.0,-14419.4,648875.0,737850,737850,10000.0,1
737850,3904128.0,-14419.4,648875.0,737850,737850,85000.0,1
737850,3904128.0,-14419.4,648875.0,737850,737850,15000.0,1
737850,3904128.0,-14419.4,648875.0,737850,737850,40000.0,1
737850,3904128.0,-14419.4,648875.0,737850,737850,92223.0,1
737822,4048321.0,-27839.5,651615.0,737822,737850,20000.0,28
737822,4048321.0,-27839.5,651615.0,737822,737850,20000.0,28
737822,4048321.0,-27839.5,651615.0,737822,737850,50000.0,28
737822,4048321.0,-27839.5,651615.0,737822,737850,25000.0,28
737822,4048321.0,-27839.5,651615.0,737822,737850,23234.0,28
737791,4326717.0,10119.3,694613.0,737791,737822,50000.0,31
737791,4326717.0,10119.3,694613.0,737791,737822,75000.0,31
737791,4326717.0,10119.3,694613.0,737791,737850,205000.0,59
737791,4326717.0,10119.3,694613.0,737791,737850,75000.0,59
737791,4326717.0,10119.3,694613.0,737791,737822,75000.0,31
737791,4326717.0,10119.3,694613.0,737791,737850,75000.0,59
737791,4326717.0,10119.3,694613.0,737791,737822,75000.0,31
737791,4326717.0,10119.3,694613.0,737791,737850,205000.0,59
737791,4326717.0,10119.3,694613.0,737791,737850,205000.0,59
737791,4326717.0,10119.3,694613.0,737791,737850,205000.0,59
737791,4326717.0,10119.3,694613.0,737791,737822,75000.0,31
737791,4326717.0,10119.3,694613.0,737791,737822,205000.0,31
737791,4326717.0,10119.3,694613.0,737791,737822,205000.0,31
737791,4326717.0,10119.3,694613.0,737791,737791,15000.0,1
737760,4225523.0,-3352.5,697833.0,737760,737791,22900.0,31
737760,4225523.0,-3352.5,697833.0,737760,737760,35000.0,1
737760,4225523.0,-3352.5,697833.0,737760,737760,175000.0,1
737760,4225523.0,-3352.5,697833.0,737760,737760,91718.0,1
737760,4225523.0,-3352.5,697833.0,737760,737760,50000.0,1
737760,4225523.0,-3352.5,697833.0,737760,737760,40000.0,1
737760,4225523.0,-3352.5,697833.0,737760,737760,150000.0,1
737760,4225523.0,-3352.5,697833.0,737760,737760,13615.0,1
737760,4225523.0,-3352.5,697833.0,737760,737760,500000.0,1
737730,4259048.0,19543.5,711824.0,737730,737760,15000.0,30
737730,4259048.0,19543.5,711824.0,737730,737760,20000.0,30
737730,4259048.0,19543.5,711824.0,737730,737730,67300.0,1
737730,4259048.0,19543.5,711824.0,737730,737730,89378.0,1
737730,4259048.0,19543.5,711824.0,737730,737760,45000.0,30
737730,4259048.0,19543.5,711824.0,737730,737760,75000.0,30
737730,4259048.0,19543.5,711824.0,737730,737760,50000.0,30
737730,4259048.0,19543.5,711824.0,737730,737730,60000.0,1
737699,4063614.0,-2248.4,723280.0,737699,737760,500000.0,61
737699,4063614.0,-2248.4,723280.0,737699,737730,67300.0,31
737699,4063614.0,-2248.4,723280.0,737699,737730,1250.0,31
737699,4063614.0,-2248.4,723280.0,737699,737730,89582.0,31
737699,4063614.0,-2248.4,723280.0,737699,737730,24000.0,31
737699,4063614.0,-2248.4,723280.0,737699,737730,100000.0,31
737699,4063614.0,-2248.4,723280.0,737699,737730,100000.0,31
737699,4063614.0,-2248.4,723280.0,737699,737730,400000.0,31
737699,4063614.0,-2248.4,723280.0,737699,737699,5000.0,1
737699,4063614.0,-2248.4,723280.0,737699,737699,10000.0,1
737669,4086098.0,-21107.3,670547.0,737669,737699,55000.0,30
737669,4086098.0,-21107.3,670547.0,737669,737699,90000.0,30
737669,4086098.0,-21107.3,670547.0,737669,737791,26700.0,122
737669,4086098.0,-21107.3,670547.0,737669,737669,175000.0,1
737669,4086098.0,-21107.3,670547.0,737669,737669,80000.0,1
737669,4086098.0,-21107.3,670547.0,737669,737669,50000.0,1
737669,4086098.0,-21107.3,670547.0,737669,737669,50000.0,1
737669,4086098.0,-21107.3,670547.0,737669,737669,50000.0,1
737638,4297171.0,-20496.9,666138.0,737638,737669,135000.0,31
737638,4297171.0,-20496.9,666138.0,737638,737669,31500.0,31
737638,4297171.0,-20496.9,666138.0,737638,737669,8500.0,31
737638,4297171.0,-20496.9,666138.0,737638,737669,500000.0,31
737638,4297171.0,-20496.9,666138.0,737638,737638,7185.0,1
737638,4297171.0,-20496.9,666138.0,737638,737638,65000.0,1
737638,4297171.0,-20496.9,666138.0,737638,737669,50000.0,31
737607,4502140.0,-6970.4,712610.0,737607,737638,10000.0,31
737607,4502140.0,-6970.4,712610.0,737607,737638,40000.0,31
737607,4502140.0,-6970.4,712610.0,737607,737607,170000.0,1
737607,4502140.0,-6970.4,712610.0,737607,737638,45000.0,31
737607,4502140.0,-6970.4,712610.0,737607,737638,10000.0,31
737607,4502140.0,-6970.4,712610.0,737607,737607,25000.0,1
737607,4502140.0,-6970.4,712610.0,737607,737607,300000.0,1
737607,4502140.0,-6970.4,712610.0,737607,737638,2500.0,31
737607,4502140.0,-6970.4,712610.0,737607,737638,10000.0,31
737607,4502140.0,-6970.4,712610.0,737607,737607,50000.0,1
737577,4571844.0,-27004.6,733294.0,737577,737638,47500.0,61
737577,4571844.0,-27004.6,733294.0,737577,737607,90000.0,30
737577,4571844.0,-27004.6,733294.0,737577,737577,50000.0,1
737577,4571844.0,-27004.6,733294.0,737577,737607,100000.0,30
737577,4571844.0,-27004.6,733294.0,737577,737607,185700.0,30
737577,4571844.0,-27004.6,733294.0,737577,737577,200000.0,1
737577,4571844.0,-27004.6,733294.0,737577,737577,50000.0,1
737577,4571844.0,-27004.6,733294.0,737577,737577,145000.0,1
737577,4571844.0,-27004.6,733294.0,737577,737577,6000.0,1
737577,4571844.0,-27004.6,733294.0,737577,737577,50000.0,1
737546,4841890.0,-9111.3,793135.0,737546,737577,10000.0,31
737546,4841890.0,-9111.3,793135.0,737546,737546,6000.0,1
737546,4841890.0,-9111.3,793135.0,737546,737546,8000.0,1
737546,4841890.0,-9111.3,793135.0,737546,737546,1500000.0,1
737546,4841890.0,-9111.3,793135.0,737546,737577,70500.0,31
737546,4841890.0,-9111.3,793135.0,737546,737546,150000.0,1
737546,4841890.0,-9111.3,793135.0,737546,737577,200000.0,31
737546,4841890.0,-9111.3,793135.0,737546,737577,40000.0,31
737546,4841890.0,-9111.3,793135.0,737546,737577,55000.0,31
737546,4841890.0,-9111.3,793135.0,737546,737546,50000.0,1
737546,4841890.0,-9111.3,793135.0,737546,737546,7000.0,1
737546,4841890.0,-9111.3,793135.0,737546,737546,5000.0,1
737546,4841890.0,-9111.3,793135.0,737546,737546,14109.0,1
737546,4841890.0,-9111.3,793135.0,737546,737607,100000.0,61
737546,4841890.0,-9111.3,793135.0,737546,737546,32000.0,1
737546,4841890.0,-9111.3,793135.0,737546,737546,5000.0,1
737546,4841890.0,-9111.3,793135.0,737546,737546,7043.0,1
737516,4933003.0,56152.9,801121.0,737516,737546,60000.0,30
737516,4933003.0,56152.9,801121.0,737516,737546,10000.0,30
737516,4933003.0,56152.9,801121.0,737516,737546,10000.0,30
737516,4933003.0,56152.9,801121.0,737516,737546,14126.0,30
737516,4933003.0,56152.9,801121.0,737516,737546,14126.0,30
737516,4933003.0,56152.9,801121.0,737516,737546,250000.0,30
737516,4933003.0,56152.9,801121.0,737516,737546,5000.0,30
737516,4933003.0,56152.9,801121.0,737516,737577,5000.0,61
737516,4933003.0,56152.9,801121.0,737516,737546,5000.0,30
737516,4933003.0,56152.9,801121.0,737516,737546,70596.0,30
737516,4933003.0,56152.9,801121.0,737516,737546,18870.0,30
737516,4933003.0,56152.9,801121.0,737516,737516,10293.0,1
737516,4933003.0,56152.9,801121.0,737516,737607,10000.0,91
737516,4933003.0,56152.9,801121.0,737516,737546,150000.0,30
737516,4933003.0,56152.9,801121.0,737516,737516,50000.0,1
737516,4933003.0,56152.9,801121.0,737516,737516,50000.0,1
737516,4933003.0,56152.9,801121.0,737516,737516,7000.0,1
737516,4933003.0,56152.9,801121.0,737516,737516,10000.0,1
737516,4933003.0,56152.9,801121.0,737516,737516,14102.0,1
737516,4933003.0,56152.9,801121.0,737516,737516,7000.0,1
737516,4933003.0,56152.9,801121.0,737516,737516,42307.0,1
737485,4371474.0,31168.7,743933.0,737485,737546,211500.0,61
737485,4371474.0,31168.7,743933.0,737485,737516,15000.0,31
737485,4371474.0,31168.7,743933.0,737485,737516,21138.0,31
737485,4371474.0,31168.7,743933.0,737485,737577,5073.0,92
737485,4371474.0,31168.7,743933.0,737485,737516,375000.0,31
737485,4371474.0,31168.7,743933.0,737485,737516,42411.0,31
737485,4371474.0,31168.7,743933.0,737485,737516,28274.0,31
737485,4371474.0,31168.7,743933.0,737485,737485,10000.0,1
737485,4371474.0,31168.7,743933.0,737485,737516,56413.0,31
737485,4371474.0,31168.7,743933.0,737485,737485,120000.0,1
737485,4371474.0,31168.7,743933.0,737485,737485,5000.0,1
737485,4371474.0,31168.7,743933.0,737485,737485,10000.0,1
737485,4371474.0,31168.7,743933.0,737485,737485,14374.0,1
737485,4371474.0,31168.7,743933.0,737485,737485,43122.0,1
737485,4371474.0,31168.7,743933.0,737485,737485,28748.0,1
737485,4371474.0,31168.7,743933.0,737485,737485,28877.0,1
737485,4371474.0,31168.7,743933.0,737485,737485,7000.0,1
737485,4371474.0,31168.7,743933.0,737485,737485,150000.0,1
737485,4371474.0,31168.7,743933.0,737485,737516,20000.0,31
737485,4371474.0,31168.7,743933.0,737485,737485,300000.0,1
737485,4371474.0,31168.7,743933.0,737485,737485,200000.0,1
737456,4059787.0,27053.2,663812.0,737456,737485,29000.0,29
737456,4059787.0,27053.2,663812.0,737456,737485,43500.0,29
737456,4059787.0,27053.2,663812.0,737456,737516,15000.0,60
737456,4059787.0,27053.2,663812.0,737456,737485,5000.0,29
737456,4059787.0,27053.2,663812.0,737456,737485,22755.0,29
737456,4059787.0,27053.2,663812.0,737456,737485,10000.0,29
737456,4059787.0,27053.2,663812.0,737456,737456,300000.0,1
737456,4059787.0,27053.2,663812.0,737456,737456,14312.0,1
737456,4059787.0,27053.2,663812.0,737456,737485,30000.0,29
737456,4059787.0,27053.2,663812.0,737456,737456,43248.0,1
737456,4059787.0,27053.2,663812.0,737456,737456,28832.0,1
737456,4059787.0,27053.2,663812.0,737456,737485,70000.0,29
737425,3789254.0,-5254.3,616415.0,737425,737456,14416.0,31
737425,3789254.0,-5254.3,616415.0,737425,737456,16530.0,31
737425,3789254.0,-5254.3,616415.0,737425,737456,2500.0,31
737425,3789254.0,-5254.3,616415.0,737425,737425,1000000.0,1
737425,3789254.0,-5254.3,616415.0,737425,737456,43500.0,31
737425,3789254.0,-5254.3,616415.0,737425,737425,29000.0,1
737425,3789254.0,-5254.3,616415.0,737425,737425,4000.0,1
737425,3789254.0,-5254.3,616415.0,737425,737425,5000.0,1
737425,3789254.0,-5254.3,616415.0,737425,737425,300000.0,1
737425,3789254.0,-5254.3,616415.0,737425,737425,22976.0,1
737394,3841798.0,-17752.0,685165.0,737394,737425,42882.0,31
737394,3841798.0,-17752.0,685165.0,737394,737425,28588.0,31
737394,3841798.0,-17752.0,685165.0,737394,737394,28540.0,1
737394,3841798.0,-17752.0,685165.0,737394,737394,500000.0,1
737394,3841798.0,-17752.0,685165.0,737394,737394,42630.0,1
737394,3841798.0,-17752.0,685165.0,737394,737394,15000.0,1
737394,3841798.0,-17752.0,685165.0,737394,737394,28412.0,1
737394,3841798.0,-17752.0,685165.0,737394,737425,28000.0,31
737394,3841798.0,-17752.0,685165.0,737394,737394,5000.0,1
737394,3841798.0,-17752.0,685165.0,737394,737394,4000.0,1
737394,3841798.0,-17752.0,685165.0,737394,737394,70897.0,1
737364,4019318.0,13575.9,708517.0,737364,737394,28414.0,30
737364,4019318.0,13575.9,708517.0,737364,737394,42621.0,30
737364,4019318.0,13575.9,708517.0,737364,737394,7000.0,30
737364,4019318.0,13575.9,708517.0,737364,737394,9875.0,30
737364,4019318.0,13575.9,708517.0,737364,737364,1000000.0,1
737364,4019318.0,13575.9,708517.0,737364,737364,10000.0,1
737364,4019318.0,13575.9,708517.0,737364,737394,42792.0,30
737364,4019318.0,13575.9,708517.0,737364,737364,43000.0,1
737364,4019318.0,13575.9,708517.0,737364,737364,14200.0,1
737364,4019318.0,13575.9,708517.0,737364,737364,300000.0,1
737364,4019318.0,13575.9,708517.0,737364,737364,28401.0,1
737364,4019318.0,13575.9,708517.0,737364,737364,28000.0,1
737364,4019318.0,13575.9,708517.0,737364,737364,42513.0,1
737364,4019318.0,13575.9,708517.0,737364,737364,28306.0,1
737333,3883559.0,-33615.4,739924.0,737333,737364,70500.0,31
737333,3883559.0,-33615.4,739924.0,737333,737333,300000.0,1
737333,3883559.0,-33615.4,739924.0,737333,737333,50000.0,1
737333,3883559.0,-33615.4,739924.0,737333,737333,28172.0,1
737333,3883559.0,-33615.4,739924.0,737333,737333,250000.0,1
737333,3883559.0,-33615.4,739924.0,737333,737485,211250.0,152
737333,3883559.0,-33615.4,739924.0,737333,737333,14144.0,1
737333,3883559.0,-33615.4,739924.0,737333,737485,5054.0,152
737333,3883559.0,-33615.4,739924.0,737333,737333,4896.0,1
737333,3883559.0,-33615.4,739924.0,737333,737333,70000.0,1
737333,3883559.0,-33615.4,739924.0,737333,737333,28000.0,1
737333,3883559.0,-33615.4,739924.0,737333,737333,5000.0,1
737333,3883559.0,-33615.4,739924.0,737333,737364,70000.0,31
737333,3883559.0,-33615.4,739924.0,737333,737333,42100.0,1
737303,4219712.0,-45177.1,753996.0,737303,737333,14000.0,30
737303,4219712.0,-45177.1,753996.0,737303,737333,150000.0,30
737303,4219712.0,-45177.1,753996.0,737303,737303,28300.0,1
737303,4219712.0,-45177.1,753996.0,737303,737303,42300.0,1
737303,4219712.0,-45177.1,753996.0,737303,737303,50000.0,1
737303,4219712.0,-45177.1,753996.0,737303,737303,42200.0,1
737303,4219712.0,-45177.1,753996.0,737303,737303,28238.0,1
737303,4219712.0,-45177.1,753996.0,737303,737303,14100.0,1
737303,4219712.0,-45177.1,753996.0,737303,737303,16930.0,1
737303,4219712.0,-45177.1,753996.0,737303,737303,28000.0,1
737272,4671483.0,2360.7,826690.0,737272,737303,7228.0,31
737272,4671483.0,2360.7,826690.0,737272,737303,14211.0,31
737272,4671483.0,2360.7,826690.0,737272,737303,14222.0,31
737272,4671483.0,2360.7,826690.0,737272,737303,42666.0,31
737272,4671483.0,2360.7,826690.0,737272,737303,1500.0,31
737272,4671483.0,2360.7,826690.0,737272,737272,32144013.0,1
737272,4671483.0,2360.7,826690.0,737272,737272,17387.0,1
737272,4671483.0,2360.7,826690.0,737272,737272,14589.0,1
737272,4671483.0,2360.7,826690.0,737272,737272,29134.0,1
737272,4671483.0,2360.7,826690.0,737272,737272,3000.0,1
737272,4671483.0,2360.7,826690.0,737272,737272,5000.0,1
737241,4647876.0,-42740.8,779160.0,737241,737272,20000.0,31
737241,4647876.0,-42740.8,779160.0,737241,737272,7000.0,31
737241,4647876.0,-42740.8,779160.0,737241,737272,17387.0,31
737241,4647876.0,-42740.8,779160.0,737241,737272,7292.0,31
737241,4647876.0,-42740.8,779160.0,737241,737303,12000.0,62
737241,4647876.0,-42740.8,779160.0,737241,737241,14589.0,1
737241,4647876.0,-42740.8,779160.0,737241,737272,25000.0,31
737241,4647876.0,-42740.8,779160.0,737241,737241,140000.0,1
737241,4647876.0,-42740.8,779160.0,737241,737241,4337.0,1
737241,4647876.0,-42740.8,779160.0,737241,737303,20000.0,62
737241,4647876.0,-42740.8,779160.0,737241,737241,14568.0,1
737241,4647876.0,-42740.8,779160.0,737241,737272,4000.0,31
737241,4647876.0,-42740.8,779160.0,737241,737272,4000.0,31
737211,5075284.0,-40994.7,865374.0,737211,737241,29136.0,30
737211,5075284.0,-40994.7,865374.0,737211,737211,1000000.0,1
737211,5075284.0,-40994.7,865374.0,737211,737211,14589.0,1
737211,5075284.0,-40994.7,865374.0,737211,737211,11700.0,1
737211,5075284.0,-40994.7,865374.0,737211,737211,300000.0,1
737211,5075284.0,-40994.7,865374.0,737211,737211,29136.0,1
737211,5075284.0,-40994.7,865374.0,737211,737211,12000.0,1
737211,5075284.0,-40994.7,865374.0,737211,737211,7295.0,1
737180,5485232.0,28304.2,997341.0,737180,737211,3550.0,31
737180,5485232.0,28304.2,997341.0,737180,737211,300000.0,31
737180,5485232.0,28304.2,997341.0,737180,737211,15000.0,31
737180,5485232.0,28304.2,997341.0,737180,737211,15000.0,31
737180,5485232.0,28304.2,997341.0,737180,737211,29000.0,31
737180,5485232.0,28304.2,997341.0,737180,737180,10000.0,1
737180,5485232.0,28304.2,997341.0,737180,737180,7200.0,1
737180,5485232.0,28304.2,997341.0,737180,737180,5600.0,1
737180,5485232.0,28304.2,997341.0,737180,737180,50000.0,1
737180,5485232.0,28304.2,997341.0,737180,737180,1000000.0,1
737180,5485232.0,28304.2,997341.0,737180,737180,7199.0,1
737150,5202190.0,-66286.9,971545.0,737150,737211,14656.0,61
737150,5202190.0,-66286.9,971545.0,737150,737180,4000.0,30
737150,5202190.0,-66286.9,971545.0,737150,737150,300000.0,1
737150,5202190.0,-66286.9,971545.0,737150,737150,100000.0,1
737119,5865058.0,21596.2,1033925.0,737119,737150,7200.0,31
737119,5865058.0,21596.2,1033925.0,737119,737150,20000.0,31
737119,5865058.0,21596.2,1033925.0,737119,737150,7300.0,31
737119,5865058.0,21596.2,1033925.0,737119,737119,5000.0,1
737119,5865058.0,21596.2,1033925.0,737119,737119,1000000.0,1
737119,5865058.0,21596.2,1033925.0,737119,737119,300000.0,1
737119,5865058.0,21596.2,1033925.0,737119,737119,26789.0,1
737119,5865058.0,21596.2,1033925.0,737119,737150,7228.0,31
737091,5649097.0,89162.7,964921.0,737091,737119,29800.0,28
737091,5649097.0,89162.7,964921.0,737091,737119,50000.0,28
737091,5649097.0,89162.7,964921.0,737091,737119,4600.0,28
737091,5649097.0,89162.7,964921.0,737091,737091,7200.0,1
737091,5649097.0,89162.7,964921.0,737091,737091,7250.0,1
737091,5649097.0,89162.7,964921.0,737091,737091,100000.0,1
737091,5649097.0,89162.7,964921.0,737091,737150,2863.0,59
737060,4757470.0,36379.2,874888.0,737060,737060,1000000.0,1
737060,4757470.0,36379.2,874888.0,737060,737060,300000.0,1
737029,4393678.0,-21705.7,765422.0,737029,737060,29000.0,31
737029,4393678.0,-21705.7,765422.0,737029,737060,100000.0,31
737029,4393678.0,-21705.7,765422.0,737029,737091,300000.0,62
737029,4393678.0,-21705.7,765422.0,737029,737029,7500.0,1
737029,4393678.0,-21705.7,765422.0,737029,737029,38000.0,1
737029,4393678.0,-21705.7,765422.0,737029,737029,10000.0,1
736999,4610735.0,29899.6,826053.0,736999,736999,4354.0,1
736999,4610735.0,29899.6,826053.0,736999,737029,3528.0,30
736968,4311739.0,-35296.8,739643.0,736968,736968,300000.0,1
736968,4311739.0,-35296.8,739643.0,736968,736968,7000.0,1
736968,4311739.0,-35296.8,739643.0,736968,736968,250000.0,1
736907,4761011.0,34386.7,829281.0,736907,736999,7440.0,92
736695,4868619.0,-26212.4,778627.0,736695,736785,1000000.0,90
736603,4661268.0,-25323.4,832550.0,736603,736726,63500.0,123
735477,4779985.0,-12885.4,864261.0,735477,735538,50000.0,61
737881,1861106.0,-7003.5,453579.0,737881,737911,50000.0,30
737881,1861106.0,-7003.5,453579.0,737881,737881,37280.0,1
737881,1861106.0,-7003.5,453579.0,737881,737881,56200.0,1
737881,1861106.0,-7003.5,453579.0,737881,737881,54277.0,1
737881,1861106.0,-7003.5,453579.0,737881,737881,71700.0,1
737850,1931142.0,-5843.3,464480.0,737850,737881,50000.0,31
737850,1931142.0,-5843.3,464480.0,737850,737881,1076374.0,31
737822,1989575.0,-2289.7,447390.0,737822,737911,655640.0,89
737791,2012472.0,12013.6,451998.0,737791,737850,3500000.0,59
737791,2012472.0,12013.6,451998.0,737791,737791,1056261.0,1
737760,1892336.0,9713.3,444680.0,737760,737760,30000.0,1
737760,1892336.0,9713.3,444680.0,737760,737760,15000.0,1
737760,1892336.0,9713.3,444680.0,737760,737791,2000000.0,31
737730,1795203.0,16934.6,438919.0,737730,737730,200000.0,1
737730,1795203.0,16934.6,438919.0,737730,737730,1816039.0,1
737699,1625856.0,-6508.1,381079.0,737699,737730,200000.0,31
737699,1625856.0,-6508.1,381079.0,737699,737730,200000.0,31
737699,1625856.0,-6508.1,381079.0,737699,737699,35299.0,1
737699,1625856.0,-6508.1,381079.0,737699,737699,15000.0,1
737699,1625856.0,-6508.1,381079.0,737699,737699,294466.0,1
737699,1625856.0,-6508.1,381079.0,737699,737730,150000.0,31
737699,1625856.0,-6508.1,381079.0,737699,737699,58713.0,1
737669,1690937.0,-23398.9,403693.0,737669,737699,100000.0,30
737669,1690937.0,-23398.9,403693.0,737669,737669,1400.0,1
737669,1690937.0,-23398.9,403693.0,737669,737669,8765.0,1
737669,1690937.0,-23398.9,403693.0,737669,737699,78000.0,30
737638,1924926.0,-19207.7,443390.0,737638,737669,150000.0,31
737638,1924926.0,-19207.7,443390.0,737638,737669,200000.0,31
737638,1924926.0,-19207.7,443390.0,737638,737669,23785.0,31
737638,1924926.0,-19207.7,443390.0,737638,737669,9000.0,31
737638,1924926.0,-19207.7,443390.0,737638,737669,150000.0,31
737638,1924926.0,-19207.7,443390.0,737638,737669,150000.0,31
737638,1924926.0,-19207.7,443390.0,737638,737669,4822.0,31
737607,2117003.0,-18629.4,469568.0,737607,737669,200000.0,62
737607,2117003.0,-18629.4,469568.0,737607,737669,200000.0,62
737607,2117003.0,-18629.4,469568.0,737607,737669,200000.0,62
737607,2117003.0,-18629.4,469568.0,737607,737638,16582.0,31
737607,2117003.0,-18629.4,469568.0,737607,737638,285000.0,31
737607,2117003.0,-18629.4,469568.0,737607,737638,425000.0,31
737607,2117003.0,-18629.4,469568.0,737607,737638,425000.0,31
737577,2303297.0,-12929.0,546359.0,737577,737607,200000.0,30
737577,2303297.0,-12929.0,546359.0,737577,737607,200000.0,30
737577,2303297.0,-12929.0,546359.0,737577,737607,200000.0,30
737546,2432588.0,411.5,553121.0,737546,737577,17000.0,31
737546,2432588.0,411.5,553121.0,737546,737607,200000.0,61
737546,2432588.0,411.5,553121.0,737546,737546,200000.0,1
737546,2432588.0,411.5,553121.0,737546,737546,200000.0,1
737546,2432588.0,411.5,553121.0,737546,737546,200000.0,1
737546,2432588.0,411.5,553121.0,737546,737546,200000.0,1
737546,2432588.0,411.5,553121.0,737546,737546,15000.0,1
737516,2428473.0,14380.1,913075.0,737516,737546,150000.0,30
737516,2428473.0,14380.1,913075.0,737516,737516,300000.0,1
737516,2428473.0,14380.1,913075.0,737516,737516,7500.0,1
737516,2428473.0,14380.1,913075.0,737516,737516,146000.0,1
737485,2284672.0,-29117.2,562028.0,737485,737516,20365.0,31
737485,2284672.0,-29117.2,562028.0,737485,737485,28000.0,1
737456,2575843.0,-17778.7,606689.0,737456,737485,150000.0,29
737456,2575843.0,-17778.7,606689.0,737456,737485,50000.0,29
737364,3056594.0,18526.0,695920.0,737364,737364,2000000.0,1
737333,2871334.0,-24310.9,637870.0,737333,737333,65000.0,1
737303,3114443.0,-47086.7,660864.0,737303,737303,213000.0,1
737303,3114443.0,-47086.7,660864.0,737303,737333,20000.0,30
737303,3114443.0,-47086.7,660864.0,737303,737333,200000.0,30
737303,3114443.0,-47086.7,660864.0,737303,737303,100000.0,1
737272,3585310.0,5642.1,750941.0,737272,737333,350000.0,61
737272,3585310.0,5642.1,750941.0,737272,737333,180000.0,61
737272,3585310.0,5642.1,750941.0,737272,737333,30000.0,61
737272,3585310.0,5642.1,750941.0,737272,737333,30000.0,61
737272,3585310.0,5642.1,750941.0,737272,737303,45000.0,31
737272,3585310.0,5642.1,750941.0,737272,737272,500000.0,1
737272,3585310.0,5642.1,750941.0,737272,737333,300000.0,61
737241,3528889.0,-10194.5,745224.0,737241,737241,300000.0,1
737241,3528889.0,-10194.5,745224.0,737241,737272,65000.0,31
737180,3858406.0,-4260.3,817595.0,737180,737241,350000.0,61
737180,3858406.0,-4260.3,817595.0,737180,737241,30000.0,61
737180,3858406.0,-4260.3,817595.0,737180,737211,20000.0,31
737060,4978033.0,24262.0,1084606.0,737060,737060,500000.0,1
736968,4691417.0,-73465.3,1048662.0,736968,736968,300000.0,1
737881,746164.0,-10540.8,142422.0,737881,737881,93750.0,1
737881,746164.0,-10540.8,142422.0,737881,737881,43250.0,1
737881,746164.0,-10540.8,142422.0,737881,737911,18182.0,30
737881,746164.0,-10540.8,142422.0,737881,737881,175000.0,1
737850,851572.0,12774.5,199830.0,737850,738034,125000.0,184
737850,851572.0,12774.5,199830.0,737850,737942,300000.0,92
737850,851572.0,12774.5,199830.0,737850,738064,92476.0,214
737850,851572.0,12774.5,199830.0,737850,737942,300000.0,92
737850,851572.0,12774.5,199830.0,737850,737942,125000.0,92
737850,851572.0,12774.5,199830.0,737850,738034,293915.0,184
737850,851572.0,12774.5,199830.0,737850,737911,15000.0,61
737850,851572.0,12774.5,199830.0,737850,737850,50000.0,1
737850,851572.0,12774.5,199830.0,737850,737850,15000.0,1
737850,851572.0,12774.5,199830.0,737850,737881,7200.0,31
737791,777174.0,6995.9,123637.0,737791,737791,15000.0,1
737791,777174.0,6995.9,123637.0,737791,737850,6000.0,59
737791,777174.0,6995.9,123637.0,737791,737791,25000.0,1
737791,777174.0,6995.9,123637.0,737791,737791,15000.0,1
737791,777174.0,6995.9,123637.0,737791,737791,10000.0,1
737730,553075.0,-7648.8,94968.0,737730,737730,80000.0,1
737730,553075.0,-7648.8,94968.0,737730,737730,15000.0,1
737730,553075.0,-7648.8,94968.0,737730,737730,30000.0,1
737730,553075.0,-7648.8,94968.0,737730,737730,125000.0,1
737730,553075.0,-7648.8,94968.0,737730,737730,125000.0,1
737699,629562.0,-12587.1,114281.0,737699,737730,17000.0,31
737699,629562.0,-12587.1,114281.0,737699,737730,100000.0,31
737699,629562.0,-12587.1,114281.0,737699,737699,20000.0,1
737699,629562.0,-12587.1,114281.0,737699,737699,142585.0,1
737699,629562.0,-12587.1,114281.0,737699,737699,25600.0,1
737669,755433.0,7338.1,163478.0,737669,737730,15000.0,61
737669,755433.0,7338.1,163478.0,737669,737669,16000.0,1
737669,755433.0,7338.1,163478.0,737669,737669,16000.0,1
737669,755433.0,7338.1,163478.0,737669,737669,15000.0,1
737638,682053.0,-8073.9,127249.0,737638,737669,45048.0,31
737638,682053.0,-8073.9,127249.0,737638,737638,125000.0,1
737638,682053.0,-8073.9,127249.0,737638,737638,125000.0,1
737638,682053.0,-8073.9,127249.0,737638,737699,10000.0,61
737638,682053.0,-8073.9,127249.0,737638,737638,100000.0,1
737638,682053.0,-8073.9,127249.0,737638,737638,100000.0,1
737638,682053.0,-8073.9,127249.0,737638,737638,17000.0,1
737638,682053.0,-8073.9,127249.0,737638,737638,8000.0,1
737638,682053.0,-8073.9,127249.0,737638,737638,80000.0,1
737638,682053.0,-8073.9,127249.0,737638,737638,80000.0,1
737638,682053.0,-8073.9,127249.0,737638,737638,30000.0,1
737638,682053.0,-8073.9,127249.0,737638,737638,30000.0,1
737638,682053.0,-8073.9,127249.0,737638,737638,15000.0,1
737638,682053.0,-8073.9,127249.0,737638,737638,15000.0,1
737607,762792.0,6078.7,122438.0,737607,737638,25000.0,31
737577,702005.0,-9898.8,126733.0,737577,737638,30682.0,61
737577,702005.0,-9898.8,126733.0,737577,737760,50000.0,183
737577,702005.0,-9898.8,126733.0,737577,737791,150000.0,214
737546,800993.0,-28415.3,146359.0,737546,737577,50000.0,31
737546,800993.0,-28415.3,146359.0,737546,737669,40000.0,123
737516,1085146.0,-11363.3,194102.0,737516,737607,32390.0,91
737485,1198779.0,22210.5,198567.0,737485,737546,53000.0,61
737485,1198779.0,22210.5,198567.0,737485,737546,15000.0,61
737456,976673.0,3481.6,178824.0,737456,737456,3000000.0,1
737425,941858.0,15957.1,157948.0,737425,737425,30000.0,1
737850,150590.0,-2334.6,27999.0,737850,737850,54463.0,1
737850,150590.0,-2334.6,27999.0,737850,737850,40000.0,1
737850,150590.0,-2334.6,27999.0,737850,737850,50000.0,1
737850,150590.0,-2334.6,27999.0,737850,737850,50000.0,1
737822,173935.0,-462.0,32819.0,737822,737822,32000.0,1
737822,173935.0,-462.0,32819.0,737822,737822,25500.0,1
737822,173935.0,-462.0,32819.0,737822,737822,32000.0,1
737822,173935.0,-462.0,32819.0,737822,737822,19000.0,1
737822,173935.0,-462.0,32819.0,737822,737822,75000.0,1
737822,173935.0,-462.0,32819.0,737822,737822,61500.0,1
737822,173935.0,-462.0,32819.0,737822,737822,15000.0,1
737791,178555.0,1459.3,33040.0,737791,737791,15000.0,1
737791,178555.0,1459.3,33040.0,737791,737881,303205.0,90
737364,86266.0,1143.6,16378.0,737364,737364,1000000.0,1
737241,79734.0,-428.8,13209.0,737241,737241,200000.0,1
736907,77796.0,-196.5,13370.0,736907,736968,37000.0,61
737850,120302279.0,2779912.0,12032279.0,737850,737881,100000.0,31
737791,115647815.0,-5558822.0,10254476.0,737791,737850,22212.0,59
737791,115647815.0,-5558822.0,10254476.0,737791,737881,1127.0,90
737791,115647815.0,-5558822.0,10254476.0,737791,737881,53411.0,90
737791,115647815.0,-5558822.0,10254476.0,737791,737850,5000.0,59
737791,115647815.0,-5558822.0,10254476.0,737791,737850,4515.0,59
737791,115647815.0,-5558822.0,10254476.0,737791,737791,150000.0,1
737791,115647815.0,-5558822.0,10254476.0,737791,737850,1524.0,59
737791,115647815.0,-5558822.0,10254476.0,737791,737850,1524.0,59
737791,115647815.0,-5558822.0,10254476.0,737791,737881,64108422.0,90
737760,121206637.0,4290500.0,8080442.0,737760,737791,131015.0,31
737760,99636000.0,8925288.0,3985440.0,737760,737791,131015.0,31
737730,116916136.0,23430462.0,7794409.0,737730,737730,95301.0,1
737730,116916136.0,23430462.0,7794409.0,737730,737730,24000.0,1
737699,93485674.0,-4920299.0,5920759.0,737699,737699,5000.0,1
737699,93485674.0,-4920299.0,5920759.0,737699,737699,10000.0,1
737699,93485674.0,-4920299.0,5920759.0,737699,737699,60000.0,1
737699,93485674.0,-4920299.0,5920759.0,737699,737699,10000.0,1
737607,109037089.0,-3372281.0,7269139.0,737607,737638,4515.0,31
737577,112409370.0,-3476578.0,4871073.0,737577,737638,22212.0,61
737577,112409370.0,-3476578.0,4871073.0,737577,737638,16184.0,61
737577,112409370.0,-3476578.0,4871073.0,737577,737669,7233.0,92
737577,112409370.0,-3476578.0,4871073.0,737577,737638,1378.0,61
737546,115885949.0,-13437302.0,4635438.0,737546,737638,1250.0,92
737546,115885949.0,-13437302.0,4635438.0,737546,737546,5000.0,1
737546,115885949.0,-13437302.0,4635438.0,737546,737546,8573.0,1
737516,129323250.0,9677250.0,5604008.0,737516,737516,113500.0,1
737516,129323250.0,9677250.0,5604008.0,737516,737546,150000.0,30
737456,109250000.0,3266000.0,5462500.0,737456,737485,3850.0,29
737456,109250000.0,3266000.0,5462500.0,737456,737485,78950.0,29
737456,109250000.0,3266000.0,5462500.0,737456,737485,21250.0,29
737425,105984000.0,6348000.0,4592640.0,737425,737516,14000.0,91
737425,105984000.0,6348000.0,4592640.0,737425,737485,20000.0,60
737425,105984000.0,6348000.0,4592640.0,737425,737485,6950.0,60
737425,105984000.0,6348000.0,4592640.0,737425,737485,8400.0,60
737425,105984000.0,6348000.0,4592640.0,737425,737485,5000.0,60
737425,105984000.0,6348000.0,4592640.0,737425,737485,7100.0,60
737425,105984000.0,6348000.0,4592640.0,737425,737516,245000.0,91
737425,105984000.0,6348000.0,4592640.0,737425,737516,611826.0,91
737364,90710712.0,8154210.0,3930798.0,737364,737364,5000.0,1
737333,82556502.0,1570368.0,3577448.0,737333,737333,7000.0,1
737333,82556502.0,1570368.0,3577448.0,737333,737333,5250.0,1
737333,82556502.0,1570368.0,3577448.0,737333,737364,10000.0,31
737333,82556502.0,1570368.0,3577448.0,737333,737394,4929.0,61
737303,80986134.0,4049307.0,4049307.0,737303,737303,166485.0,1
737303,80986134.0,4049307.0,4049307.0,737303,737303,30000.0,1
737272,76936827.0,-7321146.0,3077473.0,737272,737303,50000.0,31
737241,84257973.0,9706188.0,3651179.0,737241,737303,4000.0,62
737241,84257973.0,9706188.0,3651179.0,737241,737272,21111.0,31
737241,84257973.0,9706188.0,3651179.0,737241,737272,3538.0,31
737241,84257973.0,9706188.0,3651179.0,737241,737303,176300.0,62
737241,84257973.0,9706188.0,3651179.0,737241,737272,75000.0,31
737241,84257973.0,9706188.0,3651179.0,737241,737303,55922.0,62
737211,74551785.0,-10327384.0,3230577.0,737211,737272,20000.0,61
737211,74551785.0,-10327384.0,3230577.0,737211,737272,14000.0,61
737211,74551785.0,-10327384.0,3230577.0,737211,737303,88050.0,92
737211,74551785.0,-10327384.0,3230577.0,737211,737272,77000.0,61
737211,74551785.0,-10327384.0,3230577.0,737211,737303,35200.0,92
737211,74551785.0,-10327384.0,3230577.0,737211,737272,10640.0,61
737211,74551785.0,-10327384.0,3230577.0,737211,737303,47000.0,92
737211,74551785.0,-10327384.0,3230577.0,737211,737272,7100.0,61
737211,74551785.0,-10327384.0,3230577.0,737211,737303,200000.0,92
737211,74551785.0,-10327384.0,3230577.0,737211,737272,50460.0,61
737211,74551785.0,-10327384.0,3230577.0,737211,737272,256355.0,61
737211,74551785.0,-10327384.0,3230577.0,737211,737272,5000.0,61
737211,74551785.0,-10327384.0,3230577.0,737211,737272,15850.0,61
737211,74551785.0,-10327384.0,3230577.0,737211,737303,200000.0,92
737211,74551785.0,-10327384.0,3230577.0,737211,737303,520870.0,92
737211,74551785.0,-10327384.0,3230577.0,737211,737303,48000.0,92
737180,84879169.0,-5100912.0,4243958.0,737180,737272,25000.0,92
737180,84879169.0,-5100912.0,4243958.0,737180,737180,100000.0,1
737180,84879169.0,-5100912.0,4243958.0,737180,737241,6250.0,61
737180,84879169.0,-5100912.0,4243958.0,737180,737241,33619.0,61
737180,84879169.0,-5100912.0,4243958.0,737180,737241,5000.0,61
737091,108650948.0,-1127900.0,5432547.0,737091,737150,176300.0,59
737091,108650948.0,-1127900.0,5432547.0,737091,737119,65775.0,28
737060,109778848.0,-7727152.0,3659295.0,737060,737119,7100.0,59
737060,109778848.0,-7727152.0,3659295.0,737060,737150,95920.0,90
737060,109778848.0,-7727152.0,3659295.0,737060,737150,276704.0,90
737060,109778848.0,-7727152.0,3659295.0,737060,737150,48000.0,90
