"DateTime","Players","Players Trend","Twitch Viewers"
"2021-05-22 23:00:00",19151,18870.30555555556,40926
"2021-05-22 23:10:00",18756,18863.42278439154,40649
"2021-05-22 23:20:00",18329,18856.64675650353,42822
"2021-05-22 23:30:00",17923,18849.845176091272,43453
"2021-05-22 23:40:00",17406,18842.480792548504,41151
"2021-05-22 23:50:00",17026,18835.886594742067,39783
"2021-05-23 00:00:00",16583,18829.54828042328,38339
"2021-05-23 00:10:00",16199,18824.907310956794,41447
"2021-05-23 00:20:00",15705,18822.144951499118,41754
"2021-05-23 00:30:00",15354,18819.624367559525,38045
"2021-05-23 00:40:00",15161,18816.065345919513,39522
"2021-05-23 00:50:00",14829,18810.765239197535,38057
"2021-05-23 01:00:00",14587,18805.444692460318,37508
"2021-05-23 01:10:00",14387,18799.238976088123,39160
"2021-05-23 01:20:00",14156,18792.144116512347,39829
"2021-05-23 01:30:00",13963,18785.409536210318,40607
"2021-05-23 01:40:00",13934,18778.70964311651,40634
"2021-05-23 01:50:00",13903,18771.33493854718,38469
"2021-05-23 02:00:00",13774,18762.972235275694,36486
"2021-05-23 02:10:00",13774,18754.557415674608,35830
"2021-05-23 02:20:00",13750,18744.565310846563,35407
"2021-05-23 02:30:00",13775,18733.20461121633,31213
"2021-05-23 02:40:00",13830,18720.79458714343,30252
"2021-05-23 02:50:00",13752,18707.376240079368,28310
"2021-05-23 03:00:00",13724,18693.339378306882,28077
"2021-05-23 03:10:00",13718,18678.0572296627,28568
"2021-05-23 03:20:00",13764,18661.61766975309,28256
"2021-05-23 03:30:00",13718,18643.991151147962,27330
"2021-05-23 03:40:00",13611,18625.460621541086,27820
"2021-05-23 03:50:00",13619,18606.17935819004,27871
"2021-05-23 04:00:00",13573,18585.3975587771,27707
"2021-05-23 04:10:00",13578,18563.613184799386,27487
"2021-05-23 04:20:00",13484,18540.297408609913,26540
"2021-05-23 04:30:00",13387,18516.25119266457,27055
"2021-05-23 04:40:00",13305,18492.490864355004,25541
"2021-05-23 04:50:00",13264,18468.632667824077,26094
"2021-05-23 05:00:00",13136,18443.52159749035,25477
"2021-05-23 05:10:00",13011,18418.769551555393,25078
"2021-05-23 05:20:00",12919,18393.919160604055,24471
"2021-05-23 05:30:00",12878,18368.492514054233,24307
"2021-05-23 05:40:00",12740,18342.66435319611,23636
"2021-05-23 05:50:00",12724,18316.91344147612,22477
"2021-05-23 06:00:00",12625,18290.387321005597,22202
"2021-05-23 06:10:00",12573,18264.10441155102,22349
"2021-05-23 06:20:00",12550,18237.381492504403,22480
"2021-05-23 06:30:00",12534,18210.87041440216,35361
"2021-05-23 06:40:00",12509,18184.59509122058,34682
"2021-05-23 06:50:00",12539,18158.75399581128,32036
"2021-05-23 07:00:00",12538,18132.383462908965,25615
"2021-05-23 07:10:00",12653,18106.47684992283,26297
"2021-05-23 07:20:00",12750,18079.695900119295,26281
"2021-05-23 07:30:00",12950,18053.410046550664,26300
"2021-05-23 07:40:00",13074,18027.044235736743,26799
"2021-05-23 07:50:00",13323,18001.16193599353,27010
"2021-05-23 08:00:00",13519,17974.929076479075,27258
"2021-05-23 08:10:00",13822,17948.82620582956,28795
"2021-05-23 08:20:00",14052,17922.087922352177,29756
"2021-05-23 08:30:00",14297,17895.642612690433,29294
"2021-05-23 08:40:00",14509,17868.901974411867,21940
"2021-05-23 08:50:00",14862,17842.417358355382,22745
"2021-05-23 09:00:00",15180,17815.18219002082,25274
"2021-05-23 09:10:00",15464,17787.082213039415,25972
"2021-05-23 09:20:00",15867,17759.13696971845,29773
"2021-05-23 09:30:00",16193,17730.712565104175,29394
"2021-05-23 09:40:00",16481,17701.794293515133,30752
"2021-05-23 09:50:00",16766,17673.044682940526,31391
"2021-05-23 10:00:00",17159,17644.07673870233,33758
"2021-05-23 10:10:00",17477,17614.391596800764,34090
"2021-05-23 10:20:00",17824,17584.662350950854,33550
"2021-05-23 10:30:00",18189,17555.173418603557,37800
"2021-05-23 10:40:00",18444,17525.565921959227,39891
"2021-05-23 10:50:00",18728,17496.166645998685,41029
"2021-05-23 11:00:00",19100,17467.423339312896,42477
"2021-05-23 11:10:00",19359,17437.537152107467,43794
"2021-05-23 11:20:00",19706,17407.89878251764,44455
"2021-05-23 11:30:00",19851,17378.04756465818,45813
"2021-05-23 11:40:00",20135,17349.193257690287,38577
"2021-05-23 11:50:00",20421,17320.598201566958,40312
"2021-05-23 12:00:00",20704,17292.214969589288,38412
"2021-05-23 12:10:00",20875,17264.689562665353,39664
"2021-05-23 12:20:00",21060,17237.317656280626,40745
"2021-05-23 12:30:00",21277,17211.36351414296,40367
"2021-05-23 12:40:00",21436,17186.243521373864,39063
"2021-05-23 12:50:00",21475,17161.84444090137,38894
"2021-05-23 13:00:00",21361,17139.083666939005,39361
"2021-05-23 13:10:00",21373,17118.4861298565,38154
"2021-05-23 13:20:00",21654,17099.686284627205,39197
"2021-05-23 13:30:00",22052,17080.85257335258,38769
"2021-05-23 13:40:00",22187,17062.045572374816,42029
"2021-05-23 13:50:00",22316,17044.30457175926,43586
"2021-05-23 14:00:00",22455,17027.781944989543,54738
"2021-05-23 14:10:00",22627,17012.563560956794,55049
"2021-05-23 14:20:00",22950,16998.226108693183,56021
"2021-05-23 14:30:00",23145,16983.892175978697,40969
"2021-05-23 14:40:00",23170,16969.231949230718,51712
"2021-05-23 14:50:00",23235,16956.021987296077,51884
"2021-05-23 15:00:00",23246,16943.337778868707,52510
"2021-05-23 15:10:00",22953,16931.23068780257,58955
"2021-05-23 15:20:00",23109,16922.00705843154,61407
"2021-05-23 15:30:00",23247,16912.728335813496,61223
"2021-05-23 15:40:00",23358,16903.98804012346,64066
"2021-05-23 15:50:00",23501,16895.222678133756,67027
"2021-05-23 16:00:00",23910,16886.993843748394,72227
"2021-05-23 16:10:00",23997,16876.590729823805,73489
"2021-05-23 16:20:00",24067,16866.10927185689,53455
"2021-05-23 16:30:00",24093,16856.49598183089,53753
"2021-05-23 16:40:00",24235,16848.197733680918,55540
"2021-05-23 16:50:00",24392,16840.70407802396,63562
"2021-05-23 17:00:00",24932,16834.364647043836,74403
"2021-05-23 17:10:00",26053,16829.445244734048,109811
"2021-05-23 17:20:00",26689,16823.482438167335,103686
"2021-05-23 17:30:00",26936,16816.48888062169,92691
"2021-05-23 17:40:00",27049,16809.479187151752,95225
"2021-05-23 17:50:00",27069,16802.787900378837,95119
"2021-05-23 18:00:00",27163,16796.57927845353,93082
"2021-05-23 18:10:00",27241,16790.01199978714,91323
"2021-05-23 18:20:00",27296,16783.722559269434,88646
"2021-05-23 18:30:00",27173,16777.289686743334,85669
"2021-05-23 18:40:00",27050,16770.96491999577,81649
"2021-05-23 18:50:00",26689,16765.223871527778,78873
"2021-05-23 19:00:00",26402,16762.038816192224,76343
"2021-05-23 19:10:00",25984,16760.22635310955,78358
"2021-05-23 19:20:00",25648,16760.4471070864,77401
"2021-05-23 19:30:00",25384,16761.77010395332,79804
"2021-05-23 19:40:00",25145,16764.026530864197,80067
"2021-05-23 19:50:00",24988,16766.00954664273,81313
"2021-05-23 20:00:00",24852,16767.758454997813,81252
"2021-05-23 20:10:00",24580,16768.599552538028,78978
"2021-05-23 20:20:00",24145,16768.295737459495,53569
"2021-05-23 20:30:00",23698,16767.68540426587,54931
"2021-05-23 20:40:00",23382,16766.836546916442,56039
"2021-05-23 20:50:00",23014,16764.700794527613,57581
"2021-05-23 21:00:00",22648,16761.89280617217,59495
"2021-05-23 21:10:00",22308,16758.541726408464,65164
"2021-05-23 21:20:00",22050,16754.542362029682,69207
"2021-05-23 21:30:00",21794,16748.92372782446,72861
"2021-05-23 21:40:00",21423,16741.288935072538,72735
"2021-05-23 21:50:00",21029,16732.97116905337,72541
"2021-05-23 22:00:00",20682,16724.023764024492,67776
"2021-05-23 22:10:00",20220,16714.238695790817,70788
"2021-05-23 22:20:00",19917,16703.87559512083,58982
"2021-05-23 22:30:00",19467,16692.808601609657,57336
"2021-05-23 22:40:00",18986,16681.903044871793,56397
"2021-05-23 22:50:00",18595,16671.883074294532,56121
"2021-05-23 23:00:00",18147,16661.79761904762,68077
"2021-05-23 23:10:00",17825,16652.52947255291,66923
"2021-05-23 23:20:00",17451,16643.356729497355,51858
"2021-05-23 23:30:00",17033,16634.961950231478,50992
"2021-05-23 23:40:00",16682,16627.559220679013,52292
"2021-05-23 23:50:00",16401,16620.541832010582,50431
"2021-05-24 00:00:00",16259,16614.184647817456,49661
"2021-05-24 00:10:00",16217,16607.51984815917,48491
"2021-05-24 00:20:00",15810,16600.148313492064,46058
"2021-05-24 00:30:00",15339,16594.024181547615,39988
"2021-05-24 00:40:00",14941,16590.18557098765,41152
"2021-05-24 00:50:00",14642,16587.94516782407,40947
"2021-05-24 01:00:00",14301,16586.457837301583,40683
"2021-05-24 01:10:00",14005,16586.77122602513,40156
"2021-05-24 01:20:00",13855,16588.319761353614,39927
"2021-05-24 01:30:00",13673,16590.269861937828,40000
"2021-05-24 01:40:00",13551,16593.07242063492,39311
"2021-05-24 01:50:00",13394,16596.580488040123,38097
"2021-05-24 02:00:00",13258,16600.55406746031,36962
"2021-05-24 02:10:00",13030,16604.836268187824,37592
"2021-05-24 02:20:00",12801,16609.66145833333,36458
"2021-05-24 02:30:00",12663,16614.843832671955,25560
"2021-05-24 02:40:00",12579,16619.27430555555,24399
"2021-05-24 02:50:00",12412,16623.339809303347,22910
"2021-05-24 03:00:00",12199,16628.03356481481,22446
"2021-05-24 03:10:00",12013,16631.684007109783,22098
"2021-05-24 03:20:00",11887,16634.784611992938,21901
"2021-05-24 03:30:00",11719,16637.53602430555,21801
"2021-05-24 03:40:00",11496,16639.914654982356,22690
"2021-05-24 03:50:00",11284,16642.05374366181,24772
"2021-05-24 04:00:00",11084,16644.0736193783,25256
"2021-05-24 04:10:00",10870,16645.754629629628,26452
"2021-05-24 04:20:00",10676,16647.48886684303,25625
"2021-05-24 04:30:00",10628,16649.45517113095,24539
"2021-05-24 04:40:00",10532,16650.70163690476,24513
"2021-05-24 04:50:00",10317,16651.28433641975,20949
"2021-05-24 05:00:00",10255,16652.30307539682,19912
"2021-05-24 05:10:00",10123,16653.28501157407,21421
"2021-05-24 05:20:00",9945,16653.64718364197,22321
"2021-05-24 05:30:00",9858,16654.099247685182,21995
"2021-05-24 05:40:00",9728,16654.33333333333,21761
"2021-05-24 05:50:00",9604,16653.652440200614,21553
"2021-05-24 06:00:00",9543,16652.85569609788,21841
"2021-05-24 06:10:00",9422,16651.353980654756,21229
"2021-05-24 06:20:00",9427,16650.047536375656,19015
"2021-05-24 06:30:00",9444,16648.73394097222,18456
"2021-05-24 06:40:00",9474,16647.606123236328,18069
"2021-05-24 06:50:00",9418,16646.31024718915,18437
"2021-05-24 07:00:00",9464,16644.8912037037,18458
"2021-05-24 07:10:00",9426,16642.865575396823,18389
"2021-05-24 07:20:00",9562,16641.161086309523,18596
"2021-05-24 07:30:00",9725,16638.73991402116,18704
"2021-05-24 07:40:00",9879,16635.79475308642,16774
"2021-05-24 07:50:00",10039,16632.4013034612,17208
"2021-05-24 08:00:00",10203,16629.043898809527,19059
"2021-05-24 08:10:00",10368,16625.34201388889,19780
"2021-05-24 08:20:00",10599,16622.308586860672,20181
"2021-05-24 08:30:00",10760,16618.361090443126,20901
"2021-05-24 08:40:00",10951,16614.410066688713,21244
"2021-05-24 08:50:00",11134,16609.281442901236,22987
"2021-05-24 09:00:00",11269,16604.053488756614,22184
"2021-05-24 09:10:00",11508,16598.828042328045,21754
"2021-05-24 09:20:00",11780,16593.293829916227,21498
"2021-05-24 09:30:00",11978,16587.04985119048,20983
"2021-05-24 09:40:00",12240,16580.483906525576,21015
"2021-05-24 09:50:00",12423,16573.60799713404,21965
"2021-05-24 10:00:00",12648,16566.368923611113,21223
"2021-05-24 10:10:00",12897,16558.929336144185,22152
"2021-05-24 10:20:00",13216,16551.22172619048,23480
"2021-05-24 10:30:00",13514,16543.145109953708,24002
"2021-05-24 10:40:00",13748,16534.318176807763,23613
"2021-05-24 10:50:00",14067,16525.754691633603,24406
"2021-05-24 11:00:00",14212,16516.33333333334,24625
"2021-05-24 11:10:00",14446,16507.432146990745,22787
"2021-05-24 11:20:00",14727,16498.355365410058,22775
"2021-05-24 11:30:00",14973,16488.967716600535,22893
"2021-05-24 11:40:00",15243,16479.728257275136,22631
"2021-05-24 11:50:00",15508,16470.386608520726,24800
"2021-05-24 12:00:00",15888,16461.02538029101,25395
"2021-05-24 12:10:00",16044,16451.026048556,27064
"2021-05-24 12:20:00",16407,16442.319444444445,38837
"2021-05-24 12:30:00",16720,16433.494171626986,40719
"2021-05-24 12:40:00",16976,16425.190297067904,43939
"2021-05-24 12:50:00",17280,16418.257406029545,45938
"2021-05-24 13:00:00",17495,16411.78199404762,49011
"2021-05-24 13:10:00",17738,16405.809475584218,53560
"2021-05-24 13:20:00",17944,16400.025187389772,55743
"2021-05-24 13:30:00",18317,16394.650318287036,58126
"2021-05-24 13:40:00",18592,16388.903659611995,59881
"2021-05-24 13:50:00",18884,16383.13680831129,61336
"2021-05-24 14:00:00",19195,16378.008432539686,60916
"2021-05-24 14:10:00",19449,16373.731612378753,41891
"2021-05-24 14:20:00",19735,16368.707506613762,41610
"2021-05-24 14:30:00",19867,16363.654968584658,42144
"2021-05-24 14:40:00",20105,16359.507523148153,49226
"2021-05-24 14:50:00",20245,16355.716841655649,51559
"2021-05-24 15:00:00",20387,16352.661706349212,54339
"2021-05-24 15:10:00",20523,16350.552069554678,54520
"2021-05-24 15:20:00",20643,16348.910714285717,53827
"2021-05-24 15:30:00",20844,16347.484064980163,41519
"2021-05-24 15:40:00",20923,16345.902612433867,53158
"2021-05-24 15:50:00",21082,16344.367862654326,58640
"2021-05-24 16:00:00",21123,16341.43117559524,61735
"2021-05-24 16:10:00",21180,16339.131000606263,65734
"2021-05-24 16:20:00",21379,16338.34286816579,61955
"2021-05-24 16:30:00",21588,16338.24696180556,72367
"2021-05-24 16:40:00",21829,16338.345610119053,81439
"2021-05-24 16:50:00",22081,16338.560660548947,88243
"2021-05-24 17:00:00",22667,16338.840277777783,106840
"2021-05-24 17:10:00",23513,16338.745439263674,125862
"2021-05-24 17:20:00",23937,16338.468433090833,124736
"2021-05-24 17:30:00",24157,16336.829716435188,125310
"2021-05-24 17:40:00",24312,16335.28174603175,122138
"2021-05-24 17:50:00",24389,16333.91378692681,109592
"2021-05-24 18:00:00",24406,16332.689856150795,100424
"2021-05-24 18:10:00",24514,16331.581259645063,96546
"2021-05-24 18:20:00",24559,16330.17642195767,95651
"2021-05-24 18:30:00",24467,16328.611545138887,90075
"2021-05-24 18:40:00",24491,16327.467372134037,94573
"2021-05-24 18:50:00",24588,16326.59620949074,91771
"2021-05-24 19:00:00",24588,16325.160383597882,118216
"2021-05-24 19:10:00",24553,16323.283902391975,119414
"2021-05-24 19:20:00",24437,16321.339891975309,120032
"2021-05-24 19:30:00",24362,16319.92602926587,129131
"2021-05-24 19:40:00",24101,16317.600529100526,135541
"2021-05-24 19:50:00",23925,16315.466579861108,137646
"2021-05-24 20:00:00",23681,16313.321676587297,131604
"2021-05-24 20:10:00",23288,16310.73737185846,140786
"2021-05-24 20:20:00",22872,16307.80191798941,138957
"2021-05-24 20:30:00",22434,16304.650318287033,138659
"2021-05-24 20:40:00",21962,16301.776207010578,127730
"2021-05-24 20:50:00",21539,16299.228966876099,102713
"2021-05-24 21:00:00",21135,16296.437830687828,97186
"2021-05-24 21:10:00",20726,16292.72403411596,95081
"2021-05-24 21:20:00",20237,16287.73881172839,96325
"2021-05-24 21:30:00",19702,16282.302517361108,104500
"2021-05-24 21:40:00",19277,16276.557098765428,103418
"2021-05-24 21:50:00",18830,16269.97321428571,100734
"2021-05-24 22:00:00",18414,16263.892071759255,90472
"2021-05-24 22:10:00",17900,16256.589499283504,87309
"2021-05-24 22:20:00",17548,16248.788084215163,91113
"2021-05-24 22:30:00",17199,16240.942294973542,87226
"2021-05-24 22:40:00",16926,16232.897872574951,52952
"2021-05-24 22:50:00",16641,16224.35556520061,61586
"2021-05-24 23:00:00",16316,16216.25198412698,65812
"2021-05-24 23:10:00",15999,16208.269655257933,67108
"2021-05-24 23:20:00",15756,16200.43730709876,62902
"2021-05-24 23:30:00",15475,16159.674437830681,62718
"2021-05-24 23:40:00",15170,16147.954365079357,60048
"2021-05-24 23:50:00",14946,16139.490878527331,58247
"2021-05-25 00:00:00",14689,16131.183738425922,56678
"2021-05-25 00:10:00",14508,16123.17170965608,54456
"2021-05-25 00:20:00",14330,16115.724096119924,56065
"2021-05-25 00:30:00",14281,16109.974826388883,56349
"2021-05-25 00:40:00",14147,16104.347594246028,52086
"2021-05-25 00:50:00",13993,16099.210165895056,51609
"2021-05-25 01:00:00",13976,16094.993220899467,49291
"2021-05-25 01:10:00",13876,16091.052179783946,42115
"2021-05-25 01:20:00",13793,16087.478339947087,44219
"2021-05-25 01:30:00",13775,16084.868055555551,42335
"2021-05-25 01:40:00",13799,16082.616953262785,39682
"2021-05-25 01:50:00",13725,16080.63423170194,40324
"2021-05-25 02:00:00",13688,16078.688988095237,40107
"2021-05-25 02:10:00",13596,16076.186191027333,39487
"2021-05-25 02:20:00",13464,16074.0574845679,38518
"2021-05-25 02:30:00",13228,16071.792803406082,38190
"2021-05-25 02:40:00",13103,16070.24736827601,34018
"2021-05-25 02:50:00",13086,16069.326781580685,34697
"2021-05-25 03:00:00",12734,16067.217757936505,34274
"2021-05-25 03:10:00",12493,16065.682532793206,29615
"2021-05-25 03:20:00",12337,16064.001364087298,26289
"2021-05-25 03:30:00",12134,16061.962673611108,24985
"2021-05-25 03:40:00",11921,16059.173941798937,25555
"2021-05-25 03:50:00",11727,16056.246562224424,24438
"2021-05-25 04:00:00",11521,16053.633060515871,24230
"2021-05-25 04:10:00",11345,16051.404934138003,21965
"2021-05-25 04:20:00",11189,16048.850749559078,21114
"2021-05-25 04:30:00",11026,16045.843047288357,21604
"2021-05-25 04:40:00",10859,16042.44020061728,21908
"2021-05-25 04:50:00",10714,16039.281243110667,21018
"2021-05-25 05:00:00",10655,16036.274305555551,21298
"2021-05-25 05:10:00",10441,16032.809792493383,20842
"2021-05-25 05:20:00",10297,16030.082823522924,21270
"2021-05-25 05:30:00",10178,16027.543795469574,21301
"2021-05-25 05:40:00",9919,16024.906194885358,18014
"2021-05-25 05:50:00",9774,16023.28144290123,18147
"2021-05-25 06:00:00",9612,16022.085565476187,19763
"2021-05-25 06:10:00",9527,16021.570043816133,18752
"2021-05-25 06:20:00",9531,16021.238536155197,18932
"2021-05-25 06:30:00",9576,16021.524119543647,19513
"2021-05-25 06:40:00",9604,16021.784763558197,19785
"2021-05-25 06:50:00",9523,16022.24100253527,16742
"2021-05-25 07:00:00",9505,16022.91666666666,12448
"2021-05-25 07:10:00",9523,16024.22608713624,12620
"2021-05-25 07:20:00",9548,16026.05624448853,12497
"2021-05-25 07:30:00",9618,16028.180679563488,11971
"2021-05-25 07:40:00",9721,16030.035438712517,11824
"2021-05-25 07:50:00",9903,16031.736462466928,11573
"2021-05-25 08:00:00",10047,16033.011780753965,11444
"2021-05-25 08:10:00",10340,16034.491849922833,12415
"2021-05-25 08:20:00",10436,16035.231646825392,12761
"2021-05-25 08:30:00",10610,16036.148416832004,12421
"2021-05-25 08:40:00",10640,16036.863467261901,13870
"2021-05-25 08:50:00",10860,16038.469838514106,14344
"2021-05-25 09:00:00",11016,16039.894097222215,14104
"2021-05-25 09:10:00",11242,16041.069561563047,13176
"2021-05-25 09:20:00",11428,16040.66946373456,14182
"2021-05-25 09:30:00",11584,16038.818204365074,14668
"2021-05-25 09:40:00",11826,16036.808201058197,14401
"2021-05-25 09:50:00",11997,16034.451416446202,15140
"2021-05-25 10:00:00",12214,16032.213872354492,15182
"2021-05-25 10:10:00",12432,16029.732597552906,15909
"2021-05-25 10:20:00",12712,16027.10488315696,15484
"2021-05-25 10:30:00",12889,16024.388599537033,15059
"2021-05-25 10:40:00",13172,16022.178681657842,16514
"2021-05-25 10:50:00",13406,16019.749462632273,17509
"2021-05-25 11:00:00",13664,16017.925099206346,17270
"2021-05-25 11:10:00",13895,16016.14154128086,17385
"2021-05-25 11:20:00",14102,16014.363825507051,17264
"2021-05-25 11:30:00",14390,16012.96403769841,17553
"2021-05-25 11:40:00",14658,16011.405478395056,17319
"2021-05-25 11:50:00",14903,16009.918175429888,14813
"2021-05-25 12:00:00",15180,16008.543940145497,14466
"2021-05-25 12:10:00",15535,16007.989445546731,14201
"2021-05-25 12:20:00",15859,16006.895502645497,14360
"2021-05-25 12:30:00",16251,16006.025545634915,15464
"2021-05-25 12:40:00",16695,16005.289696318338,15391
"2021-05-25 12:50:00",16998,16004.03920717592,18425
"2021-05-25 13:00:00",17248,16002.995287698408,20389
"2021-05-25 13:10:00",17557,16002.727733686062,21390
"2021-05-25 13:20:00",17856,16002.780464616397,20524
"2021-05-25 13:30:00",18127,16002.625062003965,20625
"2021-05-25 13:40:00",18358,16002.348434744265,20999
"2021-05-25 13:50:00",18726,16002.961261298495,23304
"2021-05-25 14:00:00",19180,16003.633680555551,24960
"2021-05-25 14:10:00",19313,16003.126122960755,41528
"2021-05-25 14:20:00",19621,16002.961089065251,41227
"2021-05-25 14:30:00",19866,16002.866815476187,43922
"2021-05-25 14:40:00",20156,16003.048445767192,39061
"2021-05-25 14:50:00",20402,16003.17523699294,39777
"2021-05-25 15:00:00",20596,16003.280092592588,39262
"2021-05-25 15:10:00",20839,16003.454957561722,39711
"2021-05-25 15:20:00",20987,16003.115919863309,41004
"2021-05-25 15:30:00",21176,16003.09244791666,43556
"2021-05-25 15:40:00",21266,16002.829061948847,45891
"2021-05-25 15:50:00",21284,16002.64068011463,46721
"2021-05-25 16:00:00",21464,16003.142567790997,48234
"2021-05-25 16:10:00",21776,16003.768663194438,50067
"2021-05-25 16:20:00",22056,16003.33140432098,53153
"2021-05-25 16:30:00",22278,16002.167328042324,57126
"2021-05-25 16:40:00",22518,16000.73319003527,60235
"2021-05-25 16:50:00",22775,15999.181843860224,49674
"2021-05-25 17:00:00",23389,15998.082837301583,69861
"2021-05-25 17:10:00",24280,15996.656470458547,93192
"2021-05-25 17:20:00",24460,15993.424355158724,90686
"2021-05-25 17:30:00",24692,15990.903356481478,78084
"2021-05-25 17:40:00",24871,15988.461750440914,72964
"2021-05-25 17:50:00",25011,15985.429997519837,69281
"2021-05-25 18:00:00",25049,15982.114459325396,67210
"2021-05-25 18:10:00",25112,15978.33414627425,61596
"2021-05-25 18:20:00",25124,15973.915288800705,56187
"2021-05-25 18:30:00",25071,15969.709015376982,45682
"2021-05-25 18:40:00",24995,15965.438946759261,46555
"2021-05-25 18:50:00",24887,15960.795249118166,45440
"2021-05-25 19:00:00",24670,15955.367063492064,42355
"2021-05-25 19:10:00",24547,15948.408427028222,39687
"2021-05-25 19:20:00",24470,15938.857321979722,34463
"2021-05-25 19:30:00",24227,15927.898334160052,34227
"2021-05-25 19:40:00",24013,15917.489886463845,32239
"2021-05-25 19:50:00",23877,15907.397955246914,32560
"2021-05-25 20:00:00",23594,15897.544518849205,30392
"2021-05-25 20:10:00",23128,15888.414179618607,34015
"2021-05-25 20:20:00",22669,15879.528108465609,29437
"2021-05-25 20:30:00",22347,15871.645854001323,29545
"2021-05-25 20:40:00",21964,15863.770171957673,30338
"2021-05-25 20:50:00",21511,15855.917886078045,31072
"2021-05-25 21:00:00",20954,15847.553819444447,33660
"2021-05-25 21:10:00",20384,15839.606495260141,34573
"2021-05-25 21:20:00",19916,15832.068466159613,31513
"2021-05-25 21:30:00",19345,15824.256510416666,30136
"2021-05-25 21:40:00",18778,15816.609567901232,29063
"2021-05-25 21:50:00",18463,15809.120797508815,34109
"2021-05-25 22:00:00",17828,15800.030299272486,33229
"2021-05-25 22:10:00",17238,15791.796633873455,32882
"2021-05-25 22:20:00",16842,15786.896604938273,32961
"2021-05-25 22:30:00",16375,15783.1900421627,33402
"2021-05-25 22:40:00",15963,15780.672012786596,32698
"2021-05-25 22:50:00",15720,15779.34403935185,33667
"2021-05-25 23:00:00",15420,15778.670634920632,29733
"2021-05-25 23:10:00",15083,15778.348600088182,29399
"2021-05-25 23:20:00",8120,15757.618827160491,29593
"2021-05-25 23:30:00",13691,15780.643001818782,32414
"2021-05-25 23:40:00",14023,15782.859292328041,32540
"2021-05-25 23:50:00",13879,15782.816358024691,33064
"2021-05-26 00:00:00",13741,15782.77488425926,33484
"2021-05-26 00:10:00",13582,15782.057636133157,33902
"2021-05-26 00:20:00",13576,15780.900518077602,34690
"2021-05-26 00:30:00",13442,15778.328125,34464
"2021-05-26 00:40:00",13347,15775.478822200177,35290
"2021-05-26 00:50:00",13244,15772.5828166336,32907
"2021-05-26 01:00:00",13199,15769.72693452381,30801
"2021-05-26 01:10:00",13144,15767.219025573195,31700
"2021-05-26 01:20:00",13187,15765.145130621691,32575
"2021-05-26 01:30:00",13178,15762.80328207672,28622
"2021-05-26 01:40:00",13219,15760.65200617284,27011
"2021-05-26 01:50:00",13107,15758.28583829365,27257
"2021-05-26 02:00:00",12892,15755.52418154762,19875
"2021-05-26 02:10:00",12831,15753.568287037038,19257
"2021-05-26 02:20:00",12710,15751.45632164903,18933
"2021-05-26 02:30:00",12638,15750.022569444445,18830
"2021-05-26 02:40:00",12573,15748.74571483686,17890
"2021-05-26 02:50:00",12367,15746.709442515432,13254
"2021-05-26 03:00:00",12156,15745.39236111111,14991
"2021-05-26 03:10:00",11895,15743.875172233244,14663
"2021-05-26 03:20:00",11677,15742.298459545855,15089
"2021-05-26 03:30:00",11309,15739.990265376982,14713
"2021-05-26 03:40:00",11055,15737.884893077602,14549
"2021-05-26 03:50:00",10926,15736.274815365961,13873
"2021-05-26 04:00:00",10780,15734.951967592591,14543
"2021-05-26 04:10:00",10514,15732.946662808641,11858
"2021-05-26 04:20:00",10312,15731.074404761905,9968
"2021-05-26 04:30:00",10095,15728.888020833332,9119
"2021-05-26 04:40:00",9943,15727.2471340388,8444
"2021-05-26 04:50:00",9825,15725.729394014548,7413
"2021-05-26 05:00:00",9704,15724.040674603173,7910
"2021-05-26 05:10:00",9627,15722.759307484564,7036
"2021-05-26 05:20:00",9535,15721.19416887125,7097
"2021-05-26 05:30:00",9454,15719.677000661373,7303
"2021-05-26 05:40:00",9419,15719.06856261023,20512
"2021-05-26 05:50:00",9413,15718.564670138887,16080
"2021-05-26 06:00:00",9378,15718.373718584653,16820
"2021-05-26 06:10:00",9332,15718.537705302024,16699
"2021-05-26 06:20:00",9454,15719.465470679008,16675
"2021-05-26 06:30:00",9494,15720.116567460313,16676
"2021-05-26 06:40:00",9576,15721.201471560842,16064
"2021-05-26 06:50:00",9574,15722.827842537474,17293
"2021-05-26 07:00:00",9665,15725.946097883594,17610
"2021-05-26 07:10:00",9852,15730.55844218474,17848
"2021-05-26 07:20:00",9989,15735.451829805992,17119
"2021-05-26 07:30:00",10028,15740.522135416662,10109
"2021-05-26 07:40:00",10088,15745.846202601408,10155
"2021-05-26 07:50:00",10189,15751.10289214065,10652
"2021-05-26 08:00:00",10313,15757.16245039682,9749
"2021-05-26 08:10:00",10515,15765.220513668428,10153
"2021-05-26 08:20:00",10644,15774.686397707228,10351
"2021-05-26 08:30:00",10859,15784.518167162696,10771
"2021-05-26 08:40:00",11067,15794.528163580244,12073
"2021-05-26 08:50:00",11238,15804.214485504846,12636
"2021-05-26 09:00:00",11348,15813.832341269837,12916
"2021-05-26 09:10:00",11274,15822.616767250878,13015
"2021-05-26 09:20:00",11163,15831.505387455905,12917
"2021-05-26 09:30:00",11295,15841.377480158726,13755
"2021-05-26 09:40:00",11467,15851.14473104056,12742
"2021-05-26 09:50:00",11669,15860.970920138887,13622
"2021-05-26 10:00:00",11849,15870.454737103173,12331
"2021-05-26 10:10:00",12056,15879.510458002644,11336
"2021-05-26 10:20:00",12383,15888.896136463842,10935
"2021-05-26 10:30:00",12647,15898.173218419308,10102
"2021-05-26 10:40:00",12929,15907.271384479714,10968
"2021-05-26 10:50:00",13237,15916.465215773807,11317
"2021-05-26 11:00:00",13507,15925.517361111108,11085
"2021-05-26 11:10:00",13782,15934.464010141091,11289
"2021-05-26 11:20:00",14052,15943.44623567019,9430
"2021-05-26 11:30:00",14307,15952.358692956346,10212
"2021-05-26 11:40:00",14604,15961.231178350969,11867
"2021-05-26 11:50:00",14935,15970.374800209433,14124
"2021-05-26 12:00:00",15286,15979.683945105815,15481
"2021-05-26 12:10:00",15543,15988.79808063271,18296
"2021-05-26 12:20:00",15874,15998.217702821865,21107
"2021-05-26 12:30:00",16189,16007.579365079362,21613
"2021-05-26 12:40:00",16517,16017.010706018515,23592
"2021-05-26 12:50:00",16847,16026.507461144178,24475
"2021-05-26 13:00:00",17236,16036.542824074073,26117
"2021-05-26 13:10:00",17564,16046.052393353173,28306
"2021-05-26 13:20:00",17876,16055.902970679012,25547
"2021-05-26 13:30:00",18146,16066.150524966932,25701
"2021-05-26 13:40:00",18537,16077.211089065255,25363
"2021-05-26 13:50:00",18834,16087.39483438051,28173
"2021-05-26 14:00:00",19089,16096.605158730159,28692
"2021-05-26 14:10:00",19288,16106.154982363314,41884
"2021-05-26 14:20:00",19544,16115.952243165782,41814
"2021-05-26 14:30:00",19821,16125.50810185185,43505
"2021-05-26 14:40:00",20033,16134.871513999115,44425
"2021-05-26 14:50:00",20241,16144.261484512783,45119
"2021-05-26 15:00:00",20384,16153.367394179892,43987
"2021-05-26 15:10:00",20488,16161.831507660932,32054
"2021-05-26 15:20:00",20715,16170.734002976189,32784
"2021-05-26 15:30:00",20839,16178.694072420632,38200
"2021-05-26 15:40:00",21033,16187.478395061724,38726
"2021-05-26 15:50:00",21124,16196.019930831124,41497
"2021-05-26 16:00:00",21170,16204.09713955026,43113
"2021-05-26 16:10:00",21177,16211.21013144841,43887
"2021-05-26 16:20:00",21273,16217.749338624335,47701
"2021-05-26 16:30:00",21427,16223.954158399467,52837
"2021-05-26 16:40:00",21631,16229.725033068782,57011
"2021-05-26 16:50:00",21972,16235.569782021601,61838
"2021-05-26 17:00:00",22474,16240.45262896825,77024
"2021-05-26 17:10:00",23089,16243.537960207228,90390
"2021-05-26 17:20:00",23425,16245.898423721337,87543
"2021-05-26 17:30:00",23655,16247.373925264548,74924
"2021-05-26 17:40:00",23646,16247.47409611993,72118
"2021-05-26 17:50:00",23698,16247.056244488536,67374
"2021-05-26 18:00:00",23648,16246.370949074075,63873
"2021-05-26 18:10:00",23573,16245.281277557322,61402
"2021-05-26 18:20:00",23603,16244.245535714288,54035
"2021-05-26 18:30:00",23595,16243.366009424604,54227
"2021-05-26 18:40:00",23561,16242.32598930776,51940
"2021-05-26 18:50:00",23405,16240.906139770723,56925
"2021-05-26 19:00:00",22872,16238.492559523813,53364
"2021-05-26 19:10:00",22087,16235.426504629631,51560
"2021-05-26 19:20:00",21775,16233.674189814818,50302
"2021-05-26 19:30:00",21625,16233.06857638889,50707
"2021-05-26 19:40:00",21452,16232.463100749563,58627
"2021-05-26 19:50:00",21393,16232.391851300705,60099
"2021-05-26 20:00:00",21330,16233.100198412702,61422
"2021-05-26 20:10:00",20947,16233.64738343254,59142
"2021-05-26 20:20:00",20646,16234.771604938273,57267
"2021-05-26 20:30:00",20256,16235.580811838623,60855
"2021-05-26 20:40:00",19893,16236.438753858025,43065
"2021-05-26 20:50:00",19416,16236.880559689153,43442
"2021-05-26 21:00:00",19071,16238.179232804232,41125
"2021-05-26 21:10:00",18582,16238.91902970679,39215
"2021-05-26 21:20:00",18067,16238.778466710757,38447
"2021-05-26 21:30:00",17635,16239.386718749996,30085
"2021-05-26 21:40:00",17007,16239.207396384478,30526
"2021-05-26 21:50:00",16448,16238.774264219577,33781
"2021-05-26 22:00:00",16078,16239.870659722223,9226
"2021-05-26 22:10:00",16351,16244.013695987655,11191
"2021-05-26 22:20:00",16341,16247.303874559084,14746
"2021-05-26 22:30:00",16277,16250.851169808204,25621
"2021-05-26 22:40:00",16136,16254.551504629631,28005
"2021-05-26 22:50:00",16043,16258.167011133157,19226
"2021-05-26 23:00:00",15851,16261.252976190475,19062
"2021-05-26 23:10:00",15439,16263.871658675043,20572
"2021-05-26 23:20:00",15145,16292.7678433642,18708
"2021-05-26 23:30:00",14981,16298.697234623014,18258
"2021-05-26 23:40:00",14686,16301.9324845679,17025
"2021-05-26 23:50:00",14457,16304.772665895063,16797
"2021-05-27 00:00:00",14135,16307.007275132277,16215
"2021-05-27 00:10:00",13735,16308.142030423282,15817
"2021-05-27 00:20:00",13436,16308.591655643739,15987
"2021-05-27 00:30:00",13203,16309.160466269841,17941
"2021-05-27 00:40:00",13058,16309.831128747795,18179
"2021-05-27 00:50:00",12989,16310.88780726411,19446
"2021-05-27 01:00:00",13000,16312.152199074073,15084
"2021-05-27 01:10:00",12959,16313.151916611549,15203
"2021-05-27 01:20:00",12927,16313.775297619046,13694
"2021-05-27 01:30:00",12955,16314.620825066133,13287
"2021-05-27 01:40:00",12972,16315.207671957669,12255
"2021-05-27 01:50:00",12902,16315.608713624337,13312
"2021-05-27 02:00:00",12874,16316.854166666666,12911
"2021-05-27 02:10:00",12766,16317.825810185184,12412
"2021-05-27 02:20:00",12691,16319.120728615519,12832
"2021-05-27 02:30:00",12613,16320.482432208992,12710
"2021-05-27 02:40:00",12506,16321.600694444442,12695
"2021-05-27 02:50:00",12375,16323.166377314814,12615
"2021-05-27 03:00:00",12130,16324.124999999996,13839
"2021-05-27 03:10:00",11907,16324.676339285712,16697
"2021-05-27 03:20:00",11636,16324.942901234564,19031
"2021-05-27 03:30:00",11359,16325.684027777774,20541
"2021-05-27 03:40:00",11185,16326.84110449735,19911
"2021-05-27 03:50:00",11085,16328.005387455903,19740
"2021-05-27 04:00:00",10837,16328.246362433858,19813
"2021-05-27 04:10:00",10649,16328.834897211193,18186
"2021-05-27 04:20:00",10413,16329.168209876538,17981
"2021-05-27 04:30:00",10333,16330.365162037033,17970
"2021-05-27 04:40:00",10195,16331.374765762781,18398
"2021-05-27 04:50:00",10089,16332.18795469576,18196
"2021-05-27 05:00:00",9963,16332.743303571422,17084
"2021-05-27 05:10:00",9768,16332.701313106256,17297
"2021-05-27 05:20:00",9659,16332.66393849206,16520
"2021-05-27 05:30:00",9630,16332.773644179892,15848
"2021-05-27 05:40:00",9503,16332.442515432094,16472
"2021-05-27 05:50:00",9471,16332.178516313928,16312
"2021-05-27 06:00:00",9499,16332.157118055551,16413
"2021-05-27 06:10:00",9557,16332.318776179447,15903
"2021-05-27 06:20:00",9609,16331.996555335092,14160
"2021-05-27 06:30:00",9720,16331.953621031742,13170
"2021-05-27 06:40:00",9880,16332.128527336856,13201
"2021-05-27 06:50:00",10190,16333.281442901229,14374
"2021-05-27 07:00:00",10540,16335.111772486769,15856
"2021-05-27 07:10:00",10704,16336.255759479713,17948
"2021-05-27 07:20:00",10920,16337.715443121691,20099
"2021-05-27 07:30:00",11071,16339.488322585976,21894
"2021-05-27 07:40:00",11190,16341.749421296294,26625
"2021-05-27 07:50:00",11536,16345.309496252205,30550
"2021-05-27 08:00:00",12306,16351.256076388887,38732
"2021-05-27 08:10:00",12877,16357.240837191357,50117
"2021-05-27 08:20:00",13078,16362.869102733686,52334
"2021-05-27 08:30:00",13183,16368.031249999998,53930
"2021-05-27 08:40:00",13354,16373.43321483686,54308
"2021-05-27 08:50:00",13557,16379.062320877425,50526
"2021-05-27 09:00:00",13727,16385.0005787037,48925
"2021-05-27 09:10:00",13977,16392.788628472223,48226
"2021-05-27 09:20:00",14179,16402.029968584655,47106
"2021-05-27 09:30:00",14362,16411.524057539682,43629
"2021-05-27 09:40:00",14534,16421.148699294532,42717
"2021-05-27 09:50:00",14688,16430.8050801918,40229
"2021-05-27 10:00:00",14770,16440.075355489415,39903
"2021-05-27 10:10:00",15038,16450.09942680776,39975
"2021-05-27 10:20:00",15261,16459.50347222222,40424
"2021-05-27 10:30:00",15487,16468.767898478833,40478
"2021-05-27 10:40:00",15735,16478.091944995587,39695
"2021-05-27 10:50:00",16002,16487.337907848323,39159
"2021-05-27 11:00:00",16209,16496.46825396825,40192
"2021-05-27 11:10:00",16442,16505.94804756393,36957
"2021-05-27 11:20:00",16736,16515.934675374778,42205
"2021-05-27 11:30:00",16961,16525.625144675923,39198
"2021-05-27 11:40:00",17260,16535.59347442681,36542
"2021-05-27 11:50:00",17574,16545.63980516975,36735
"2021-05-27 12:00:00",17979,16555.98759920635,36534
"2021-05-27 12:10:00",18329,16566.638695987655,40240
"2021-05-27 12:20:00",18734,16577.784501763672,42328
"2021-05-27 12:30:00",19202,16589.652529761905,44203
"2021-05-27 12:40:00",19534,16601.425925925923,46370
"2021-05-27 12:50:00",19890,16613.2829378858,43008
"2021-05-27 13:00:00",20116,16624.739417989418,42757
"2021-05-27 13:10:00",20543,16636.949094742067,42348
"2021-05-27 13:20:00",20986,16650.03386794533,42132
"2021-05-27 13:30:00",21340,16663.558676421962,44200
"2021-05-27 13:40:00",21558,16676.385030864203,48101
"2021-05-27 13:50:00",21790,16689.12422839507,50303
"2021-05-27 14:00:00",22088,16702.417410714294,51064
"2021-05-27 14:10:00",22430,16716.25234237214,55289
"2021-05-27 14:20:00",22592,16729.74407517637,53574
"2021-05-27 14:30:00",22909,16743.65263310186,77827
"2021-05-27 14:40:00",23184,16757.99247685186,80876
"2021-05-27 14:50:00",23376,16772.18056244489,80598
"2021-05-27 15:00:00",23492,16786.458333333343,85911
"2021-05-27 15:10:00",23656,16801.213190310853,88066
"2021-05-27 15:20:00",23683,16815.0443535053,62385
"2021-05-27 15:30:00",23956,16829.795758928576,63448
"2021-05-27 15:40:00",24008,16843.543981481485,63764
"2021-05-27 15:50:00",24121,16857.62905781526,64983
"2021-05-27 16:00:00",24230,16872.16612929895,68529
"2021-05-27 16:10:00",24285,16886.892554012353,64448
"2021-05-27 16:20:00",24372,16901.710152116408,65465
"2021-05-27 16:30:00",24450,16916.12553736773,65641
"2021-05-27 16:40:00",24597,16930.0968915344,68029
"2021-05-27 16:50:00",24785,16943.32999200838,70298
"2021-05-27 17:00:00",25064,16955.66195436508,79919
"2021-05-27 17:10:00",25288,16967.613846175045,78142
"2021-05-27 17:20:00",25364,16978.67862654321,60067
"2021-05-27 17:30:00",25397,16989.077504960318,57938
"2021-05-27 17:40:00",25342,16999.471230158728,54380
"2021-05-27 17:50:00",25427,17010.398926642418,56936
"2021-05-27 18:00:00",25427,17021.366774140213,50859
"2021-05-27 18:10:00",25362,17032.407841435182,46468
"2021-05-27 18:20:00",25402,17043.6810515873,44061
"2021-05-27 18:30:00",25307,17054.424479166664,32789
"2021-05-27 18:40:00",25224,17065.212838955023,30939
"2021-05-27 18:50:00",25148,17076.7334518298,29940
"2021-05-27 19:00:00",25227,17091.664517195764,28396
"2021-05-27 19:10:00",25170,17109.90262621252,32531
"2021-05-27 19:20:00",25137,17129.427290013224,42192
"2021-05-27 19:30:00",24963,17148.79007523148,50392
"2021-05-27 19:40:00",24893,17168.820023148146,51995
"2021-05-27 19:50:00",24839,17188.917610504846,37721
"2021-05-27 20:00:00",24646,17208.140997023802,38589
"2021-05-27 20:10:00",24277,17227.538428681648,37113
"2021-05-27 20:20:00",23983,17247.32671957671,37576
"2021-05-27 20:30:00",23608,17267.395419973538,42025
"2021-05-27 20:40:00",23164,17287.450796406516,43158
"2021-05-27 20:50:00",22722,17308.24127121913,45986
"2021-05-27 21:00:00",22114,17328.019179894174,41744
"2021-05-27 21:10:00",21418,17347.525855654752,41231
"2021-05-27 21:20:00",20992,17367.994254298934,41553
"2021-05-27 21:30:00",20400,17387.601686507933,42151
"2021-05-27 21:40:00",20025,17409.028053350965,41713
"2021-05-27 21:50:00",19651,17431.213080081565,42453
"2021-05-27 22:00:00",19188,17452.857349537033,43542
"2021-05-27 22:10:00",18689,17470.800788139328,44583
"2021-05-27 22:20:00",18247,17486.88051146384,30497
"2021-05-27 22:30:00",17885,17501.50801917989,30484
"2021-05-27 22:40:00",17523,17514.67997685185,31176
"2021-05-27 22:50:00",17113,17526.110876873892,32317
"2021-05-27 23:00:00",16867,17537.302579365078,31116
"2021-05-27 23:10:00",16364,17547.25491898148,30776
"2021-05-27 23:20:00",16011,17556.893614969136,30140
"2021-05-27 23:30:00",15781,17565.942935681214,28825
"2021-05-27 23:40:00",15468,17574.48291446208,28794
"2021-05-27 23:50:00",15285,17583.137207892414,27759
"2021-05-28 00:00:00",14920,17591.178902116397,24454
"2021-05-28 00:10:00",14692,17599.955047123014,24432
"2021-05-28 00:20:00",14576,17609.4174382716,21854
"2021-05-28 00:30:00",14454,17619.04520089285,20966
"2021-05-28 00:40:00",14402,17628.907352292765,20299
"2021-05-28 00:50:00",14334,17638.45517802028,20452
"2021-05-28 01:00:00",14241,17647.187251984124,14088
"2021-05-28 01:10:00",14182,17655.68846450617,23037
"2021-05-28 01:20:00",14182,17663.899374448847,23775
"2021-05-28 01:30:00",14161,17671.69748263888,24787
"2021-05-28 01:40:00",14060,17678.881723985884,18695
"2021-05-28 01:50:00",14024,17686.258914792765,19802
"2021-05-28 02:00:00",13973,17693.431795634915,18325
"2021-05-28 02:10:00",13918,17700.767368000437,18489
"2021-05-28 02:20:00",13881,17708.41666666666,17815
"2021-05-28 02:30:00",13784,17716.00903191137,18452
"2021-05-28 02:40:00",13732,17724.139949845674,20540
"2021-05-28 02:50:00",13441,17731.550078538356,22850
"2021-05-28 03:00:00",13000,17738.568783068782,26400
"2021-05-28 03:10:00",12758,17746.153218694883,27243
"2021-05-28 03:20:00",12526,17754.075314153437,28305
"2021-05-28 03:30:00",12283,17762.3622891865,27281
"2021-05-28 03:40:00",12072,17770.603560405634,27604
"2021-05-28 03:50:00",11796,17778.295090663567,25849
"2021-05-28 04:00:00",11559,17786.323950066122,28729
"2021-05-28 04:10:00",11333,17794.273899085085,27142
"2021-05-28 04:20:00",11205,17802.808862433852,23562
"2021-05-28 04:30:00",11038,17810.917038690466,23049
"2021-05-28 04:40:00",10812,17818.692267416212,22333
"2021-05-28 04:50:00",10621,17826.27371307318,21469
"2021-05-28 05:00:00",10460,17833.673611111102,20495
"2021-05-28 05:10:00",10295,17841.35598544973,18915
"2021-05-28 05:20:00",10161,17849.01675485008,18134
"2021-05-28 05:30:00",10115,17856.523892195757,15383
"2021-05-28 05:40:00",10056,17864.09512786595,15740
"2021-05-28 05:50:00",10017,17871.411444554666,9895
"2021-05-28 06:00:00",9950,17878.150173611102,10521
"2021-05-28 06:10:00",9940,17884.522665895056,14013
"2021-05-28 06:20:00",9984,17890.767305996465,13712
"2021-05-28 06:30:00",10052,17896.72848462301,14193
"2021-05-28 06:40:00",10076,17901.83137676366,14605
"2021-05-28 06:50:00",10219,17906.121465773802,14763
"2021-05-28 07:00:00",10342,17908.99867724867,15847
"2021-05-28 07:10:00",10491,17911.667534722215,17929
"2021-05-28 07:20:00",10636,17913.936631944434,18726
"2021-05-28 07:30:00",10869,17916.643022486765,19041
"2021-05-28 07:40:00",11072,17919.491126543206,19854
"2021-05-28 07:50:00",11250,17921.362516534384,20300
"2021-05-28 08:00:00",11405,17920.030257936505,19960
"2021-05-28 08:10:00",11700,17917.304535934738,22016
"2021-05-28 08:20:00",11887,17914.374007936505,22437
"2021-05-28 08:30:00",12129,17912.365885416664,21547
"2021-05-28 08:40:00",12316,17910.53615520282,20432
"2021-05-28 08:50:00",12519,17908.84935791446,21702
"2021-05-28 09:00:00",12838,17908.046957671955,20978
"2021-05-28 09:10:00",13099,17907.16395916005,22668
"2021-05-28 09:20:00",13291,17906.259755291,23520
"2021-05-28 09:30:00",13504,17905.537822420632,24127
"2021-05-28 09:40:00",13751,17905.361111111106,23182
"2021-05-28 09:50:00",13903,17905.239831349198,24267
"2021-05-28 10:00:00",14157,17906.363715277774,23592
"2021-05-28 10:10:00",14342,17907.068479938265,24716
"2021-05-28 10:20:00",14557,17907.89316027336,24391
"2021-05-28 10:30:00",14848,17909.179956183856,25221
"2021-05-28 10:40:00",15119,17910.45287698412,25945
"2021-05-28 10:50:00",15434,17911.963204089498,26331
"2021-05-28 11:00:00",15840,17914.426587301576,26541
"2021-05-28 11:10:00",16218,17917.47747189153,27965
"2021-05-28 11:20:00",16430,17919.871706900347,28123
"2021-05-28 11:30:00",16748,17922.77796378968,27443
"2021-05-28 11:40:00",17094,17925.812086640202,28198
"2021-05-28 11:50:00",17416,17928.757516258815,29207
"2021-05-28 12:00:00",17757,17931.37008101851,32771
"2021-05-28 12:10:00",18156,17933.97706542107,33415
"2021-05-28 12:20:00",18556,17936.405313051142,33212
"2021-05-28 12:30:00",18959,17938.369171626975,33792
"2021-05-28 12:40:00",19258,17939.810639880943,34254
"2021-05-28 12:50:00",19737,17942.0622244268,35067
"2021-05-28 13:00:00",20072,17944.568369708988,35630
"2021-05-28 13:10:00",20598,17947.186487268515,35328
"2021-05-28 13:20:00",21047,17948.9124917328,36850
"2021-05-28 13:30:00",21422,17950.301318617727,38138
"2021-05-28 13:40:00",21712,17951.863977072313,40284
"2021-05-28 13:50:00",22079,17954.198660714286,64821
"2021-05-28 14:00:00",22312,17956.136780753972,69561
"2021-05-28 14:10:00",22675,17958.278370260145,74133
"2021-05-28 14:20:00",22920,17960.905478395067,83714
"2021-05-28 14:30:00",23281,17963.824776785714,87920
"2021-05-28 14:40:00",23506,17966.188106261023,88965
"2021-05-28 14:50:00",23774,17969.03678213183,91402
"2021-05-28 15:00:00",23960,17972.36243386243,100780
"2021-05-28 15:10:00",24110,17975.582754629624,65055
"2021-05-28 15:20:00",24221,17979.287670855374,69047
"2021-05-28 15:30:00",24329,17982.21788194444,72530
"2021-05-28 15:40:00",24468,17986.031580687828,75076
"2021-05-28 15:50:00",24635,17990.11330191799,77686
"2021-05-28 16:00:00",24713,17993.93927744709,80876
"2021-05-28 16:10:00",24811,17997.975067515432,84662
"2021-05-28 16:20:00",24862,18001.771825396823,88961
"2021-05-28 16:30:00",24846,18005.01934523809,92361
"2021-05-28 16:40:00",24969,18008.209008487647,96728
"2021-05-28 16:50:00",25209,18011.51955880731,103774
"2021-05-28 17:00:00",26133,18018.308531746025,118084
"2021-05-28 17:10:00",26504,18025.259479717806,142243
"2021-05-28 17:20:00",26696,18032.513255070542,137994
"2021-05-28 17:30:00",26823,18040.06919642856,122576
"2021-05-28 17:40:00",26938,18048.523919753083,116391
"2021-05-28 17:50:00",26932,18056.410831404315,106055
"2021-05-28 18:00:00",26942,18064.40980489417,112042
"2021-05-28 18:10:00",26960,18072.832727072306,115119
"2021-05-28 18:20:00",26946,18080.829144620802,112437
"2021-05-28 18:30:00",26979,18089.320994543647,108041
"2021-05-28 18:40:00",27058,18098.301807760134,104911
"2021-05-28 18:50:00",27204,18107.831617890206,105700
"2021-05-28 19:00:00",27193,18115.144675925923,101429
"2021-05-28 19:10:00",27103,18119.51973104056,111735
"2021-05-28 19:20:00",27039,18121.110435956783,109832
"2021-05-28 19:30:00",26936,18122.21319031084,109264
"2021-05-28 19:40:00",26877,18123.118055555547,110272
"2021-05-28 19:50:00",26697,18123.308703979266,106695
"2021-05-28 20:00:00",26545,18125.25111607142,104771
"2021-05-28 20:10:00",26337,18128.955150462953,106193
"2021-05-28 20:20:00",26134,18133.188381834203,96323
"2021-05-28 20:30:00",25934,18138.0329861111,91488
"2021-05-28 20:40:00",25756,18144.28229717812,90642
"2021-05-28 20:50:00",25440,18151.216917438265,87616
"2021-05-28 21:00:00",25189,18160.308283730148,79207
"2021-05-28 21:10:00",24751,18172.26246968694,77389
"2021-05-28 21:20:00",24290,18186.72617669752,59724
"2021-05-28 21:30:00",23985,18205.161086309516,63233
"2021-05-28 21:40:00",23540,18224.687499999993,64652
"2021-05-28 21:50:00",23127,18244.869653880065,63718
"2021-05-28 22:00:00",22717,18266.06836970899,60994
"2021-05-28 22:10:00",22359,18288.494295634915,58211
"2021-05-28 22:20:00",21939,18311.24707892416,54901
"2021-05-28 22:30:00",21410,18333.17708333333,53619
"2021-05-28 22:40:00",20977,18354.646632495587,53421
"2021-05-28 22:50:00",20598,18376.060881007492,47250
"2021-05-28 23:00:00",19971,18394.95238095238,46472
"2021-05-28 23:10:00",19473,18411.64366319445,44991
"2021-05-28 23:20:00",19003,18428.17379023369,44482
"2021-05-28 23:30:00",18574,18444.022776124337,46319
"2021-05-28 23:40:00",18216,18460.06674382716,44217
"2021-05-28 23:50:00",17842,18475.360249944883,43078
"2021-05-29 00:00:00",17424,18490.742352843914,40824
"2021-05-29 00:10:00",17087,18505.919573963838,36411
"2021-05-29 00:20:00",16776,18520.292658730155,37375
"2021-05-29 00:30:00",16539,18534.312934027774,37693
"2021-05-29 00:40:00",16325,18547.621610449733,37014
"2021-05-29 00:50:00",16108,18560.27088844797,35200
"2021-05-29 01:00:00",15945,18572.73743386243,33995
"2021-05-29 01:10:00",15650,18583.96326609347,32223
"2021-05-29 01:20:00",15564,18594.98178461199,33338
"2021-05-29 01:30:00",15536,18606.062272652114,34498
"2021-05-29 01:40:00",15448,18617.26829805996,35877
"2021-05-29 01:50:00",15367,18628.307622354492,36995
"2021-05-29 02:00:00",15260,18639.10553075396,38024
"2021-05-29 02:10:00",15271,18650.428819444438,37864
"2021-05-29 02:20:00",15257,18661.899911816574,38127
"2021-05-29 02:30:00",15302,18674.269634589946,35948
"2021-05-29 02:40:00",15306,18686.957451499118,35329
"2021-05-29 02:50:00",15356,18701.746782682985,34903
"2021-05-29 03:00:00",15289,18718.800925925923,32894
"2021-05-29 03:10:00",15134,18736.485918209873,33076
"2021-05-29 03:20:00",15019,18755.074804343032,31054
"2021-05-29 03:30:00",14869,18774.382998511905,31721
"2021-05-29 03:40:00",14872,18795.190724206346,31039
"2021-05-29 03:50:00",14770,18817.104531801142,29140
"2021-05-29 04:00:00",14617,18839.67786871693,26062
"2021-05-29 04:10:00",14424,18862.648602843918,23845
"2021-05-29 04:20:00",14328,18886.05092592593,22377
"2021-05-29 04:30:00",14251,18910.14769345238,22086
"2021-05-29 04:40:00",14188,18935.37353946208,20976
"2021-05-29 04:50:00",14020,18960.850852899028,20361
"2021-05-29 05:00:00",13955,18987.13690476191,20093
"2021-05-29 05:10:00",13877,19014.075631062606,17917
"2021-05-29 05:20:00",13730,19041.06030919312,18421
"2021-05-29 05:30:00",13538,19067.331721230163,18251
"2021-05-29 05:40:00",13374,19093.18683862434,18090
"2021-05-29 05:50:00",13311,19119.100735780423,18049
"2021-05-29 06:00:00",13262,19145.23487103175,18357
"2021-05-29 06:10:00",13225,19171.2945395172,17519
"2021-05-29 06:20:00",13259,19197.373622134044,17598
"2021-05-29 06:30:00",13267,19223.088355654767,17560
"2021-05-29 06:40:00",13358,19249.25949349648,18188
"2021-05-29 06:50:00",13400,19274.751680996476,18654
"2021-05-29 07:00:00",13473,19299.931878306877,18655
"2021-05-29 07:10:00",13636,19325.170855379187,18629
"2021-05-29 07:20:00",13811,19350.480365410054,19623
"2021-05-29 07:30:00",13885,19374.657717427246,19570
"2021-05-29 07:40:00",14064,19398.651758156964,19746
"2021-05-29 07:50:00",14317,19422.98325892857,16358
"2021-05-29 08:00:00",14556,19447.63727678571,16425
"2021-05-29 08:10:00",14807,19471.81903108466,17160
"2021-05-29 08:20:00",15150,19496.78334435626,18097
"2021-05-29 08:30:00",15488,19522.061466600524,18831
"2021-05-29 08:40:00",15804,19547.869957010582,18335
"2021-05-29 08:50:00",16100,19574.004388503083,18717
"2021-05-29 09:00:00",16369,19599.57622354497,19019
"2021-05-29 09:10:00",16690,19625.312203758815,20302
"2021-05-29 09:20:00",16935,19651.11732528659,20687
"2021-05-29 09:30:00",17279,19677.566220238088,21789
"2021-05-29 09:40:00",17610,19704.262896825396,22256
"2021-05-29 09:50:00",18009,19732.265218529537,20522
"2021-05-29 10:00:00",18326,19760.331927910054,23325
"2021-05-29 10:10:00",18663,19789.116519235013,23434
"2021-05-29 10:20:00",18996,19818.38398368607,24267
"2021-05-29 10:30:00",19241,19847.086578207673,25118
"2021-05-29 10:40:00",19542,19875.79968584656,26047
"2021-05-29 10:50:00",19814,19903.998139880954,26565
"2021-05-29 11:00:00",20126,19931.380952380954,26682
"2021-05-29 11:10:00",20405,19957.874221505732,27018
"2021-05-29 11:20:00",20661,19984.432732583777,27242
"2021-05-29 11:30:00",20932,20010.491526124337,26868
"2021-05-29 11:40:00",21228,20036.015321869487,27664
"2021-05-29 11:50:00",21604,20061.652502204583,28194
"2021-05-29 12:00:00",21796,20086.00739914021,27842
"2021-05-29 12:10:00",22130,20109.80519042107,28576
"2021-05-29 12:20:00",22496,20133.105268959433,29036
"2021-05-29 12:30:00",22700,20154.800967261905,30528
"2021-05-29 12:40:00",23130,20177.19959766314,35991
"2021-05-29 12:50:00",23400,20197.86143490961,37435
"2021-05-29 13:00:00",23459,20216.503306878305,38332
"2021-05-29 13:10:00",23353,20231.001315861995,37952
"2021-05-29 13:20:00",23501,20243.672439925045,38274
"2021-05-29 13:30:00",23735,20255.306754298945,40199
"2021-05-29 13:40:00",24061,20266.97690696649,41613
"2021-05-29 13:50:00",24424,20278.329750881832,42838
"2021-05-29 14:00:00",24742,20289.913442460318,42371
"2021-05-29 14:10:00",25143,20301.465153769837,36880
"2021-05-29 14:20:00",25444,20313.021880511456,37512
"2021-05-29 14:30:00",25621,20323.10164517195,35818
"2021-05-29 14:40:00",25911,20333.467055224864,31020
"2021-05-29 14:50:00",26263,20344.132881393292,34159
"2021-05-29 15:00:00",26450,20354.490410052902,38226
"2021-05-29 15:10:00",26630,20364.89535108024,40676
"2021-05-29 15:20:00",26882,20376.090925374774,42938
"2021-05-29 15:30:00",27317,20389.24262152777,44325
"2021-05-29 15:40:00",27454,20401.990658068782,45462
"2021-05-29 15:50:00",27585,20414.404589671514,47673
"2021-05-29 16:00:00",27663,20426.729208002642,47000
"2021-05-29 16:10:00",27760,20439.010430445323,47147
"2021-05-29 16:20:00",27826,20451.336089065255,46262
"2021-05-29 16:30:00",27901,20464.244605654763,50538
"2021-05-29 16:40:00",27913,20476.379037147268,49713
"2021-05-29 16:50:00",28019,20487.64572999339,51944
"2021-05-29 17:00:00",28413,20495.296875,73289
"2021-05-29 17:10:00",28502,20500.698226686505,66309
"2021-05-29 17:20:00",28508,20504.79071593915,67231
"2021-05-29 17:30:00",28577,20508.512628141536,67172
"2021-05-29 17:40:00",28656,20511.94819223986,65392
"2021-05-29 17:50:00",28698,20515.652137070105,61741
"2021-05-29 18:00:00",28666,20519.055762235446,57697
"2021-05-29 18:10:00",28588,20521.867401069227,54344
"2021-05-29 18:20:00",28369,20523.394786155208,52062
"2021-05-29 18:30:00",28018,20522.563802083336,43863
"2021-05-29 18:40:00",27457,20517.76554232804,41142
"2021-05-29 18:50:00",26118,20503.472594246028,35436
"2021-05-29 19:00:00",23683,20474.060515873014,28522
"2021-05-29 19:10:00",21250,20431.116174768515,25854
"2021-05-29 19:20:00",20300,20384.486386684297,22998
"2021-05-29 19:30:00",19859,20336.40788277116,21012
"2021-05-29 19:40:00",19706,20288.029541446205,21704
"2021-05-29 19:50:00",20770,20248.180231757047,22792
"2021-05-29 20:00:00",21262,20211.586061507933,11950
"2021-05-29 20:10:00",20960,20173.78923473324,11412
"2021-05-29 20:20:00",20286,20132.9990079365,10394
"2021-05-29 20:30:00",19842,20091.12762483465,10243
"2021-05-29 20:40:00",19504,20048.517099316574,9035
"2021-05-29 20:50:00",19130,20005.75816385582,10830
"2021-05-29 21:00:00",20019,19971.105737433856,11840
"2021-05-29 21:10:00",22030,19952.32148368606,12871
"2021-05-29 21:20:00",23654,19945.840222663133,17626
"2021-05-29 21:30:00",24730,19947.2437375992,21727
"2021-05-29 21:40:00",25100,19953.204861111102,28289
"2021-05-29 21:50:00",25342,19963.337439373892,30892
"2021-05-29 22:00:00",25297,19975.780092592584,34659
"2021-05-29 22:10:00",25117,19989.5329172178,38860
"2021-05-29 22:20:00",24850,20004.56059854496,43990
"2021-05-29 22:30:00",24274,20019.567853009252,44633
"2021-05-29 22:40:00",23593,20033.467193011456,44894
"2021-05-29 22:50:00",22945,20046.21197089946,45664