"DateTime","Players","Flags","Twitch Viewers"
"2015-05-25 00:00:00",1
"2015-05-26 00:00:00",
"2015-05-27 00:00:00",
"2015-05-28 00:00:00",
"2015-05-29 00:00:00",1
"2015-05-30 00:00:00",
"2015-05-31 00:00:00",
"2015-06-01 00:00:00",
"2015-06-02 00:00:00",
"2015-06-03 00:00:00",
"2015-06-04 00:00:00",
"2015-06-05 00:00:00",
"2015-06-06 00:00:00",
"2015-06-07 00:00:00",
"2015-06-08 00:00:00",2
"2015-06-09 00:00:00",3
"2015-06-10 00:00:00",
"2015-06-11 00:00:00",
"2015-06-12 00:00:00",
"2015-06-13 00:00:00",
"2015-06-14 00:00:00",
"2015-06-15 00:00:00",
"2015-06-16 00:00:00",3
"2015-06-17 00:00:00",
"2015-06-18 00:00:00",
"2015-06-19 00:00:00",1
"2015-06-20 00:00:00",
"2015-06-21 00:00:00",
"2015-06-22 00:00:00",1
"2015-06-23 00:00:00",
"2015-06-24 00:00:00",3
"2015-06-25 00:00:00",5
"2015-06-26 00:00:00",2
"2015-06-27 00:00:00",
"2015-06-28 00:00:00",
"2015-06-29 00:00:00",
"2015-06-30 00:00:00",1
"2015-07-01 00:00:00",
"2015-07-02 00:00:00",
"2015-07-03 00:00:00",
"2015-07-04 00:00:00",
"2015-07-05 00:00:00",
"2015-07-06 00:00:00",
"2015-07-07 00:00:00",
"2015-07-08 00:00:00",
"2015-07-09 00:00:00",
"2015-07-10 00:00:00",
"2015-07-11 00:00:00",1
"2015-07-12 00:00:00",
"2015-07-13 00:00:00",3
"2015-07-14 00:00:00",
"2015-07-15 00:00:00",
"2015-07-16 00:00:00",1
"2015-07-17 00:00:00",
"2015-07-18 00:00:00",
"2015-07-19 00:00:00",
"2015-07-20 00:00:00",3
"2015-07-21 00:00:00",2
"2015-07-22 00:00:00",2
"2015-07-23 00:00:00",1
"2015-07-24 00:00:00",
"2015-07-25 00:00:00",
"2015-07-26 00:00:00",
"2015-07-27 00:00:00",
"2015-07-28 00:00:00",,,4
"2015-07-29 00:00:00",,,0
"2015-07-30 00:00:00",,,0
"2015-07-31 00:00:00",,,0
"2015-08-01 00:00:00",,,0
"2015-08-02 00:00:00",,,0
"2015-08-03 00:00:00",,,0
"2015-08-04 00:00:00",,,0
"2015-08-05 00:00:00",,,0
"2015-08-06 00:00:00",,,0
"2015-08-07 00:00:00",,,1067
"2015-08-08 00:00:00",,,14320
"2015-08-09 00:00:00",,,0
"2015-08-10 00:00:00",,,8
"2015-08-11 00:00:00",,,0
"2015-08-12 00:00:00",,,0
"2015-08-13 00:00:00",1,,1
"2015-08-14 00:00:00",,,0
"2015-08-15 00:00:00",,,0
"2015-08-16 00:00:00",,,0
"2015-08-17 00:00:00",,,0
"2015-08-18 00:00:00",,,0
"2015-08-19 00:00:00",,,0
"2015-08-20 00:00:00",,,6
"2015-08-21 00:00:00",,,51
"2015-08-22 00:00:00",,,2
"2015-08-23 00:00:00",,,0
"2015-08-24 00:00:00",,,0
"2015-08-25 00:00:00",,,0
"2015-08-26 00:00:00",,,0
"2015-08-27 00:00:00",1,,1
"2015-08-28 00:00:00",,,72
"2015-08-29 00:00:00",,,303
"2015-08-30 00:00:00",,,336
"2015-08-31 00:00:00",1,,232
"2015-09-01 00:00:00",,,0
"2015-09-02 00:00:00",,,0
"2015-09-03 00:00:00",1,,0
"2015-09-04 00:00:00",,,0
"2015-09-05 00:00:00",,,3
"2015-09-06 00:00:00",,,0
"2015-09-07 00:00:00",,,25
"2015-09-08 00:00:00",,,27
"2015-09-09 00:00:00",,,0
"2015-09-10 00:00:00",,,0
"2015-09-11 00:00:00",,,0
"2015-09-12 00:00:00",,,0
"2015-09-13 00:00:00",,,0
"2015-09-14 00:00:00",,,0
"2015-09-15 00:00:00",,,0
"2015-09-16 00:00:00",,,0
"2015-09-17 00:00:00",,,0
"2015-09-18 00:00:00",,,0
"2015-09-19 00:00:00",,,7
"2015-09-20 00:00:00",,,15
"2015-09-21 00:00:00",,,674
"2015-09-22 00:00:00",,,44
"2015-09-23 00:00:00",,,49344
"2015-09-24 00:00:00",,,15130
"2015-09-25 00:00:00",1,,17005
"2015-09-26 00:00:00",,,18337
"2015-09-27 00:00:00",,,28739
"2015-09-28 00:00:00",3,,21201
"2015-09-29 00:00:00",2,,44306
"2015-09-30 00:00:00",1,,42826
"2015-10-01 00:00:00",3,,23903
"2015-10-02 00:00:00",4,,14619
"2015-10-03 00:00:00",1,,40656
"2015-10-04 00:00:00",,,9309
"2015-10-05 00:00:00",,,20687
"2015-10-06 00:00:00",,,45
"2015-10-07 00:00:00",1,,22
"2015-10-08 00:00:00",5,,6
"2015-10-09 00:00:00",4,,389
"2015-10-10 00:00:00",3,,1551
"2015-10-11 00:00:00",3,,24
"2015-10-12 00:00:00",4,,7
"2015-10-13 00:00:00",11,,12
"2015-10-14 00:00:00",13,,3
"2015-10-15 00:00:00",8,,2
"2015-10-16 00:00:00",11,,4
"2015-10-17 00:00:00",8,,3
"2015-10-18 00:00:00",5,,7
"2015-10-19 00:00:00",8,,6
"2015-10-20 00:00:00",7,,4
"2015-10-21 00:00:00",9,,82
"2015-10-22 00:00:00",11,,34
"2015-10-23 00:00:00",12,,36
"2015-10-24 00:00:00",4,,112
"2015-10-25 00:00:00",3,,30
"2015-10-26 00:00:00",11,,5
"2015-10-27 00:00:00",12,,5
"2015-10-28 00:00:00",12,,74
"2015-10-29 00:00:00",4,,1
"2015-10-30 00:00:00",14,,4
"2015-10-31 00:00:00",,,3
"2015-11-01 00:00:00",,,107
"2015-11-02 00:00:00",15,,4
"2015-11-03 00:00:00",13,,2
"2015-11-04 00:00:00",14,,1
"2015-11-05 00:00:00",13,,80
"2015-11-06 00:00:00",14,,11
"2015-11-07 00:00:00",8,,7
"2015-11-08 00:00:00",7,,7
"2015-11-09 00:00:00",13,,5
"2015-11-10 00:00:00",13,,872
"2015-11-11 00:00:00",13,,1
"2015-11-12 00:00:00",15,,2
"2015-11-13 00:00:00",15,,1
"2015-11-14 00:00:00",1,,278
"2015-11-15 00:00:00",1,,82
"2015-11-16 00:00:00",13,,3
"2015-11-17 00:00:00",15,,2
"2015-11-18 00:00:00",17,,2
"2015-11-19 00:00:00",8,,1
"2015-11-20 00:00:00",5,,0
"2015-11-21 00:00:00",1,,2
"2015-11-22 00:00:00",1,,5
"2015-11-23 00:00:00",14,,4261
"2015-11-24 00:00:00",1,,13417
"2015-11-25 00:00:00",14,,18348
"2015-11-26 00:00:00",15,,16924
"2015-11-27 00:00:00",14,,14144
"2015-11-28 00:00:00",1,,11508
"2015-11-29 00:00:00",,,13247
"2015-11-30 00:00:00",1,,9546
"2015-12-01 00:00:00",9375,,78000
"2015-12-02 00:00:00",9644,,43081
"2015-12-03 00:00:00",9574,,21731
"2015-12-04 00:00:00",9760,,22240
"2015-12-05 00:00:00",11185,,20170
"2015-12-06 00:00:00",10350,,24293
"2015-12-07 00:00:00",9578,,36316
"2015-12-08 00:00:00",9160,,35027
"2015-12-09 00:00:00",8481,,16299
"2015-12-10 00:00:00",8263,,14382
"2015-12-11 00:00:00",8401,,30790
"2015-12-12 00:00:00",10044,,28796
"2015-12-13 00:00:00",10613,,27772
"2015-12-14 00:00:00",8407,,24158
"2015-12-15 00:00:00",8061,,28249
"2015-12-16 00:00:00",8237,,28141
"2015-12-17 00:00:00",7735,,25397
"2015-12-18 00:00:00",7916,,16001
"2015-12-19 00:00:00",9108,,17326
"2015-12-20 00:00:00",9531,,24457
"2015-12-21 00:00:00",8078,,14260
"2015-12-22 00:00:00",7803,,17325
"2015-12-23 00:00:00",7809,,13173
"2015-12-24 00:00:00",7156,,27839
"2015-12-25 00:00:00",11553,,12950
"2015-12-26 00:00:00",15706,,9117
"2015-12-27 00:00:00",17199,,14848
"2015-12-28 00:00:00",17999,,14601
"2015-12-29 00:00:00",17435,,16012
"2015-12-30 00:00:00",17693,,16824
"2015-12-31 00:00:00",16117,,18399
"2016-01-01 00:00:00",19009,,14135
"2016-01-02 00:00:00",19117,,17359
"2016-01-03 00:00:00",20112,,15189
"2016-01-04 00:00:00",18955,,12647
"2016-01-05 00:00:00",16436,,22815
"2016-01-06 00:00:00",15129,,25742
"2016-01-07 00:00:00",12241,,11882
"2016-01-08 00:00:00",15794,,20580
"2016-01-09 00:00:00",17645,,16631
"2016-01-10 00:00:00",17696,,15844
"2016-01-11 00:00:00",13381,,16770
"2016-01-12 00:00:00",12753,,17761
"2016-01-13 00:00:00",12742,,19638
"2016-01-14 00:00:00",12521,,18460
"2016-01-15 00:00:00",13277,,12422
"2016-01-16 00:00:00",14945,,16804
"2016-01-17 00:00:00",15253,,18595
"2016-01-18 00:00:00",13853,,20730
"2016-01-19 00:00:00",11495,,11161
"2016-01-20 00:00:00",11398,,15244
"2016-01-21 00:00:00",11532,,8491
"2016-01-22 00:00:00",12866,,16752
"2016-01-23 00:00:00",14484,,15597
"2016-01-24 00:00:00",14464,,13987
"2016-01-25 00:00:00",11637,,12733
"2016-01-26 00:00:00",11150,,13916
"2016-01-27 00:00:00",10828,,13576
"2016-01-28 00:00:00",10453,,10897
"2016-01-29 00:00:00",10410,,10397
"2016-01-30 00:00:00",12131,,8715
"2016-01-31 00:00:00",13236,,17469
"2016-02-01 00:00:00",10220,,19130
"2016-02-02 00:00:00",13912,,28240
"2016-02-03 00:00:00",12820,,18350
"2016-02-04 00:00:00",12208,,20696
"2016-02-05 00:00:00",12636,,14276
"2016-02-06 00:00:00",14606,,9775
"2016-02-07 00:00:00",16094,,13371
"2016-02-08 00:00:00",13515,,24348
"2016-02-09 00:00:00",14046,,10599
"2016-02-10 00:00:00",12942,,10847
"2016-02-11 00:00:00",14162,,13744
"2016-02-12 00:00:00",14244,,15212
"2016-02-13 00:00:00",15735,,8763
"2016-02-14 00:00:00",15401,,13230
"2016-02-15 00:00:00",13902,,7750
"2016-02-16 00:00:00",11899,,5704
"2016-02-17 00:00:00",11125,,12119
"2016-02-18 00:00:00",10637,,8791
"2016-02-19 00:00:00",9501,,9263
"2016-02-20 00:00:00",11059,,7582
"2016-02-21 00:00:00",12342,,12110
"2016-02-22 00:00:00",10108,,8444
"2016-02-23 00:00:00",9526,,6485
"2016-02-24 00:00:00",9159,,12675
"2016-02-25 00:00:00",9316,,11816
"2016-02-26 00:00:00",10273,,11206
"2016-02-27 00:00:00",11804,,9515
"2016-02-28 00:00:00",11914,,12287
"2016-02-29 00:00:00",8824,,10719
"2016-03-01 00:00:00",7340,,7327
"2016-03-02 00:00:00",8639,,12176
"2016-03-03 00:00:00",8480,,6625
"2016-03-04 00:00:00",9290,,11974
"2016-03-05 00:00:00",11239,,8738
"2016-03-06 00:00:00",11355,,6947
"2016-03-07 00:00:00",8485,,13632
"2016-03-08 00:00:00",6712,,5849
"2016-03-09 00:00:00",6395,,3644
"2016-03-10 00:00:00",6490,,4992
"2016-03-11 00:00:00",7308,,9485
"2016-03-12 00:00:00",8514,,4167
"2016-03-13 00:00:00",8585,,4881
"2016-03-14 00:00:00",6740,,6066
"2016-03-15 00:00:00",6376,,4623
"2016-03-16 00:00:00",6634,,8145
"2016-03-17 00:00:00",6690,,3528
"2016-03-18 00:00:00",7338,,4617
"2016-03-19 00:00:00",8528,,6201
"2016-03-20 00:00:00",8353,,2812
"2016-03-21 00:00:00",6787,,6733
"2016-03-22 00:00:00",6590,,4106
"2016-03-23 00:00:00",6799,,20699
"2016-03-24 00:00:00",7025,,12527
"2016-03-25 00:00:00",8848,,6483
"2016-03-26 00:00:00",9851,,6413
"2016-03-27 00:00:00",10544,,11264
"2016-03-28 00:00:00",10074,,13842
"2016-03-29 00:00:00",8393,,4995
"2016-03-30 00:00:00",8630,,5733
"2016-03-31 00:00:00",8381,,12195
"2016-04-01 00:00:00",8824,,6205
"2016-04-02 00:00:00",10211,,9233
"2016-04-03 00:00:00",10552,,4071
"2016-04-04 00:00:00",7624,,8301
"2016-04-05 00:00:00",7084,,7176
"2016-04-06 00:00:00",7087,,4186
"2016-04-07 00:00:00",7081,,7902
"2016-04-08 00:00:00",8101,,7384
"2016-04-09 00:00:00",9647,,7603
"2016-04-10 00:00:00",8979,,9053
"2016-04-11 00:00:00",6792,,5764
"2016-04-12 00:00:00",5949,,5600
"2016-04-13 00:00:00",6058,,5251
"2016-04-14 00:00:00",6603,,3943
"2016-04-15 00:00:00",20557,,7269
"2016-04-16 00:00:00",29128,,3263
"2016-04-17 00:00:00",28854,,5529
"2016-04-18 00:00:00",11266,,4882
"2016-04-19 00:00:00",9760,,4261
"2016-04-20 00:00:00",9378,,3858
"2016-04-21 00:00:00",9573,,3113
"2016-04-22 00:00:00",10092,,16180
"2016-04-23 00:00:00",11686,,5793
"2016-04-24 00:00:00",10967,,35253
"2016-04-25 00:00:00",8014,,26988
"2016-04-26 00:00:00",7791,,5199
"2016-04-27 00:00:00",7715,,4610
"2016-04-28 00:00:00",7693,,3376
"2016-04-29 00:00:00",8994,,4988
"2016-04-30 00:00:00",9994,,5435
"2016-05-01 00:00:00",10381,,9614
"2016-05-02 00:00:00",7581,,7650
"2016-05-03 00:00:00",6505,,2936
"2016-05-04 00:00:00",7092,,4232
"2016-05-05 00:00:00",6297,,3126
"2016-05-06 00:00:00",6908,,1699
"2016-05-07 00:00:00",8001,,17742
"2016-05-08 00:00:00",7489,,3012
"2016-05-09 00:00:00",6222,,4158
"2016-05-10 00:00:00",6930,,8728
"2016-05-11 00:00:00",13552,,8156
"2016-05-12 00:00:00",11937,,7944
"2016-05-13 00:00:00",12406,,6719
"2016-05-14 00:00:00",14522,,9540
"2016-05-15 00:00:00",13821,,6418
"2016-05-16 00:00:00",11804,,6145
"2016-05-17 00:00:00",10192,,7465
"2016-05-18 00:00:00",10761,,6969
"2016-05-19 00:00:00",10319,,5813
"2016-05-20 00:00:00",11108,,5712
"2016-05-21 00:00:00",12782,,5316
"2016-05-22 00:00:00",12398,,7858
"2016-05-23 00:00:00",10007,,3448
"2016-05-24 00:00:00",8485,,3351
"2016-05-25 00:00:00",8320,,2591
"2016-05-26 00:00:00",8756,,5877
"2016-05-27 00:00:00",9243,,4999
"2016-05-28 00:00:00",10189,,3038
"2016-05-29 00:00:00",9924,,5670
"2016-05-30 00:00:00",8733,,4973
"2016-05-31 00:00:00",7398,,5828
"2016-06-01 00:00:00",7685,,6312
"2016-06-02 00:00:00",7649,,6539
"2016-06-03 00:00:00",10466,,9160
"2016-06-04 00:00:00",12657,,6530
"2016-06-05 00:00:00",14700,,4792
"2016-06-06 00:00:00",12592,,4391
"2016-06-07 00:00:00",12918,,4048
"2016-06-08 00:00:00",13242,,5009
"2016-06-09 00:00:00",13321,,4799
"2016-06-10 00:00:00",13008,,6305
"2016-06-11 00:00:00",14259,,4189
"2016-06-12 00:00:00",14936,,3059
"2016-06-13 00:00:00",13067,,4240
"2016-06-14 00:00:00",13094,,10581
"2016-06-15 00:00:00",12728,,3934
"2016-06-16 00:00:00",11949,,4305
"2016-06-17 00:00:00",12731,,3932
"2016-06-18 00:00:00",13031,,3631
"2016-06-19 00:00:00",13968,,6752
"2016-06-20 00:00:00",12689,,4303
"2016-06-21 00:00:00",13185,,3996
"2016-06-22 00:00:00",11608,,10934
"2016-06-23 00:00:00",10960,,4956
"2016-06-24 00:00:00",12552,,5491
"2016-06-25 00:00:00",13636,,3972
"2016-06-26 00:00:00",15357,,4664
"2016-06-27 00:00:00",14500,,4388
"2016-06-28 00:00:00",14724,,5125
"2016-06-29 00:00:00",13985,,4367
"2016-06-30 00:00:00",13644,,3814
"2016-07-01 00:00:00",14275,,3851
"2016-07-02 00:00:00",15152,,6001
"2016-07-03 00:00:00",15501,,4458
"2016-07-04 00:00:00",16059,,4024
"2016-07-05 00:00:00",14613,,3153
"2016-07-06 00:00:00",13306,,3314
"2016-07-07 00:00:00",12290,,3344
"2016-07-08 00:00:00",12366,,2820
"2016-07-09 00:00:00",12375,,2751
"2016-07-10 00:00:00",12312,,2890
"2016-07-11 00:00:00",12206,,4193
"2016-07-12 00:00:00",12164,,4229
"2016-07-13 00:00:00",12314,,4370
"2016-07-14 00:00:00",11953,,5205
"2016-07-15 00:00:00",11303,,12574
"2016-07-16 00:00:00",11854,,4751
"2016-07-17 00:00:00",12334,,3435
"2016-07-18 00:00:00",11504,,16263
"2016-07-19 00:00:00",11212,,3961
"2016-07-20 00:00:00",10748,,3341
"2016-07-21 00:00:00",11081,,4048
"2016-07-22 00:00:00",11234,,5426
"2016-07-23 00:00:00",11261,,4606
"2016-07-24 00:00:00",11850,,3534
"2016-07-25 00:00:00",12052,,4544
"2016-07-26 00:00:00",12347,,4577
"2016-07-27 00:00:00",12264,,5018
"2016-07-28 00:00:00",16597,,5614
"2016-07-29 00:00:00",30821,,7465
"2016-07-30 00:00:00",35853,,58894
"2016-07-31 00:00:00",39536,,33507
"2016-08-01 00:00:00",32314,,6365
"2016-08-02 00:00:00",28545,,7892
"2016-08-03 00:00:00",24685,,18727
"2016-08-04 00:00:00",22611,,14322
"2016-08-05 00:00:00",20796,,9948
"2016-08-06 00:00:00",21023,,14571
"2016-08-07 00:00:00",20572,,9892
"2016-08-08 00:00:00",18470,,12999
"2016-08-09 00:00:00",19791,,9998
"2016-08-10 00:00:00",17909,,8779
"2016-08-11 00:00:00",17883,,7905
"2016-08-12 00:00:00",17302,,8807
"2016-08-13 00:00:00",17568,,15285
"2016-08-14 00:00:00",18422,,8120
"2016-08-15 00:00:00",17348,,13829
"2016-08-16 00:00:00",16913,,13158
"2016-08-17 00:00:00",15847,,14388
"2016-08-18 00:00:00",16699,,12689
"2016-08-19 00:00:00",16672,,8450
"2016-08-20 00:00:00",18147,,8918
"2016-08-21 00:00:00",19129,,8084
"2016-08-22 00:00:00",16422,,14448
"2016-08-23 00:00:00",15876,,8620
"2016-08-24 00:00:00",15318,,6795
"2016-08-25 00:00:00",15562,,14550
"2016-08-26 00:00:00",15990,,7727
"2016-08-27 00:00:00",17733,,11643
"2016-08-28 00:00:00",18953,,8145
"2016-08-29 00:00:00",16200,,16589
"2016-08-30 00:00:00",14706,,10076
"2016-08-31 00:00:00",14063,,4707
"2016-09-01 00:00:00",12182,,8413
"2016-09-02 00:00:00",13260,,9744
"2016-09-03 00:00:00",14956,,4994
"2016-09-04 00:00:00",15281,,11126
"2016-09-05 00:00:00",14332,,11562
"2016-09-06 00:00:00",12339,,5373
"2016-09-07 00:00:00",13235,,6086
"2016-09-08 00:00:00",13311,,10567
"2016-09-09 00:00:00",14356,,8545
"2016-09-10 00:00:00",16908,,31594
"2016-09-11 00:00:00",17143,,6620
"2016-09-12 00:00:00",13919,,7751
"2016-09-13 00:00:00",17245,,35021
"2016-09-14 00:00:00",16086,,25319
"2016-09-15 00:00:00",15217,,7697
"2016-09-16 00:00:00",16066,,9370
"2016-09-17 00:00:00",17630,,31272
"2016-09-18 00:00:00",18114,,7413
"2016-09-19 00:00:00",14636,,5947
"2016-09-20 00:00:00",14284,,10071
"2016-09-21 00:00:00",13535,,24300
"2016-09-22 00:00:00",13829,,14595
"2016-09-23 00:00:00",15250,,23489
"2016-09-24 00:00:00",17520,,29361
"2016-09-25 00:00:00",17246,,6004
"2016-09-26 00:00:00",14030,,22085
"2016-09-27 00:00:00",13249,,16440
"2016-09-28 00:00:00",14040,,6716
"2016-09-29 00:00:00",13631,,10346
"2016-09-30 00:00:00",15870,,4726
"2016-10-01 00:00:00",18569,,16291
"2016-10-02 00:00:00",19372,,6026
"2016-10-03 00:00:00",16227,,4805
"2016-10-04 00:00:00",15322,,7774
"2016-10-05 00:00:00",15114,,12092
"2016-10-06 00:00:00",16088,,5788
"2016-10-07 00:00:00",16852,,7018
"2016-10-08 00:00:00",18821,,7079
"2016-10-09 00:00:00",19493,,5287
"2016-10-10 00:00:00",17044,,6042
"2016-10-11 00:00:00",15102,,6339
"2016-10-12 00:00:00",16091,,5298
"2016-10-13 00:00:00",15133,,5439
"2016-10-14 00:00:00",15840,,5990
"2016-10-15 00:00:00",18557,,14102
"2016-10-16 00:00:00",17306,,6378
"2016-10-17 00:00:00",13734,,4554
"2016-10-18 00:00:00",12131,,4916
"2016-10-19 00:00:00",12633,,4715
"2016-10-20 00:00:00",13262,,5498
"2016-10-21 00:00:00",13708,,5829
"2016-10-22 00:00:00",15659,,3274
"2016-10-23 00:00:00",14527,,3254
"2016-10-24 00:00:00",11972,,3839
"2016-10-25 00:00:00",11479,,4081
"2016-10-26 00:00:00",11195,,3586
"2016-10-27 00:00:00",11261,,7006
"2016-10-28 00:00:00",12649,,4826
"2016-10-29 00:00:00",14465,,3720
"2016-10-30 00:00:00",13637,,6495
"2016-10-31 00:00:00",10470,,5917
"2016-11-01 00:00:00",11496,,3884
"2016-11-02 00:00:00",12215,,4652
"2016-11-03 00:00:00",11728,,4963
"2016-11-04 00:00:00",13161,,4291
"2016-11-05 00:00:00",15469,,4289
"2016-11-06 00:00:00",14289,,4343
"2016-11-07 00:00:00",11179,,5082
"2016-11-08 00:00:00",11624,,5427
"2016-11-09 00:00:00",10880,,13738
"2016-11-10 00:00:00",13065,,4644
"2016-11-11 00:00:00",30247,,3924
"2016-11-12 00:00:00",41392,,29328
"2016-11-13 00:00:00",41938,,62002
"2016-11-14 00:00:00",25578,,6761
"2016-11-15 00:00:00",24580,,6072
"2016-11-16 00:00:00",21904,,11058
"2016-11-17 00:00:00",27757,,29434
"2016-11-18 00:00:00",28509,,22216
"2016-11-19 00:00:00",30480,,21591
"2016-11-20 00:00:00",27724,,24636
"2016-11-21 00:00:00",21215,,24328
"2016-11-22 00:00:00",21657,,24253
"2016-11-23 00:00:00",21992,,25549
"2016-11-24 00:00:00",23445,,13933
"2016-11-25 00:00:00",26179,,22446
"2016-11-26 00:00:00",30834,,24019
"2016-11-27 00:00:00",29303,,18129
"2016-11-28 00:00:00",23566,,10777
"2016-11-29 00:00:00",23736,,7910
"2016-11-30 00:00:00",22654,,9770
"2016-12-01 00:00:00",21782,,6775
"2016-12-02 00:00:00",25007,,20343
"2016-12-03 00:00:00",29647,,8252
"2016-12-04 00:00:00",28301,,7261
"2016-12-05 00:00:00",21301,,6072
"2016-12-06 00:00:00",21334,,6587
"2016-12-07 00:00:00",18344,,6583
"2016-12-08 00:00:00",20802,,14429
"2016-12-09 00:00:00",24109,,8117
"2016-12-10 00:00:00",27444,,10162
"2016-12-11 00:00:00",25217,,12075
"2016-12-12 00:00:00",19221,,24180
"2016-12-13 00:00:00",19523,,9172
"2016-12-14 00:00:00",18736,,5789
"2016-12-15 00:00:00",21104,,12540
"2016-12-16 00:00:00",22631,,8274
"2016-12-17 00:00:00",24886,,7662
"2016-12-18 00:00:00",23419,,15533
"2016-12-19 00:00:00",19973,,12311
"2016-12-20 00:00:00",21239,,10396
"2016-12-21 00:00:00",21131,,14621
"2016-12-22 00:00:00",20750,,11473
"2016-12-23 00:00:00",24624,,7919
"2016-12-24 00:00:00",25171,,14768
"2016-12-25 00:00:00",23500,,6791
"2016-12-26 00:00:00",26744,,19747
"2016-12-27 00:00:00",28281,,14909
"2016-12-28 00:00:00",29045,,16164
"2016-12-29 00:00:00",29360,,10510
"2016-12-30 00:00:00",31008,,13897
"2016-12-31 00:00:00",29348,,14177
"2017-01-01 00:00:00",30547,,16694
"2017-01-02 00:00:00",34504,,16895
"2017-01-03 00:00:00",30129,,14825
"2017-01-04 00:00:00",28738,,21049
"2017-01-05 00:00:00",28180,,14644
"2017-01-06 00:00:00",30472,,31152
"2017-01-07 00:00:00",33358,,18240
"2017-01-08 00:00:00",31922,,22705
"2017-01-09 00:00:00",25360,,22169
"2017-01-10 00:00:00",24998,,18742
"2017-01-11 00:00:00",24388,,13660
"2017-01-12 00:00:00",24502,,12354
"2017-01-13 00:00:00",27802,,14271
"2017-01-14 00:00:00",31686,,13601
"2017-01-15 00:00:00",31564,,13734
"2017-01-16 00:00:00",28007,,13032
"2017-01-17 00:00:00",25030,,18785
"2017-01-18 00:00:00",25516,,14448
"2017-01-19 00:00:00",24352,,13334
"2017-01-20 00:00:00",26784,,15037
"2017-01-21 00:00:00",30426,,12288
"2017-01-22 00:00:00",30774,,19400
"2017-01-23 00:00:00",24019,,16467
"2017-01-24 00:00:00",23687,,18331
"2017-01-25 00:00:00",23785,,14289
"2017-01-26 00:00:00",23197,,9538
"2017-01-27 00:00:00",25771,,13528
"2017-01-28 00:00:00",29299,,9712
"2017-01-29 00:00:00",30507,,13765
"2017-01-30 00:00:00",24139,,9948
"2017-01-31 00:00:00",23790,,8768
"2017-02-01 00:00:00",23820,,11397
"2017-02-02 00:00:00",27697,,12456
"2017-02-03 00:00:00",42394,,34809
"2017-02-04 00:00:00",59199,,47774
"2017-02-05 00:00:00",65010,,78882
"2017-02-06 00:00:00",41778,,21962
"2017-02-07 00:00:00",46259,,28534
"2017-02-08 00:00:00",52115,,25473
"2017-02-09 00:00:00",43122,,17697
"2017-02-10 00:00:00",48865,,17074
"2017-02-11 00:00:00",54908,,18745
"2017-02-12 00:00:00",52661,,18012
"2017-02-13 00:00:00",39276,,15334
"2017-02-14 00:00:00",37869,,14665
"2017-02-15 00:00:00",38708,,21229
"2017-02-16 00:00:00",36699,,18335
"2017-02-17 00:00:00",41646,,13466
"2017-02-18 00:00:00",48737,,15501
"2017-02-19 00:00:00",44002,,16864
"2017-02-20 00:00:00",36401,,11787
"2017-02-21 00:00:00",35515,,19108
"2017-02-22 00:00:00",35279,,13203
"2017-02-23 00:00:00",32482,,21102
"2017-02-24 00:00:00",36744,,14205
"2017-02-25 00:00:00",44197,,11463
"2017-02-26 00:00:00",43672,,14403
"2017-02-27 00:00:00",35329,,13792
"2017-02-28 00:00:00",34951,,19030
"2017-03-01 00:00:00",34112,,10667
"2017-03-02 00:00:00",33415,,12321
"2017-03-03 00:00:00",37172,,9305
"2017-03-04 00:00:00",45103,,9079
"2017-03-05 00:00:00",41238,,11394
"2017-03-06 00:00:00",29423,,22098
"2017-03-07 00:00:00",29255,,11608
"2017-03-08 00:00:00",30634,,12766
"2017-03-09 00:00:00",30430,,17075
"2017-03-10 00:00:00",38095,,12606
"2017-03-11 00:00:00",44651,,8863
"2017-03-12 00:00:00",40452,,11854
"2017-03-13 00:00:00",30873,,10167
"2017-03-14 00:00:00",32476,,10024
"2017-03-15 00:00:00",36149,,11204
"2017-03-16 00:00:00",32022,,16450
"2017-03-17 00:00:00",38519,,15457
"2017-03-18 00:00:00",46984,,9427
"2017-03-19 00:00:00",44089,,10310
"2017-03-20 00:00:00",30988,,9875
"2017-03-21 00:00:00",20325,,20283
"2017-03-22 00:00:00",15442,,11819
"2017-03-23 00:00:00",29319,,26077
"2017-03-24 00:00:00",37241,,8681
"2017-03-25 00:00:00",47655,,7655
"2017-03-26 00:00:00",45447,,16615
"2017-03-27 00:00:00",35486,,11145
"2017-03-28 00:00:00",31674,,16461
"2017-03-29 00:00:00",38388,,10660
"2017-03-30 00:00:00",35049,,15006
"2017-03-31 00:00:00",38028,,9320
"2017-04-01 00:00:00",46815,,8999
"2017-04-02 00:00:00",45794,,12633
"2017-04-03 00:00:00",36881,,9113
"2017-04-04 00:00:00",32982,,14658
"2017-04-05 00:00:00",35431,,11014
"2017-04-06 00:00:00",34701,,13554
"2017-04-07 00:00:00",38788,,16088
"2017-04-08 00:00:00",45283,,9023
"2017-04-09 00:00:00",40663,,13448
"2017-04-10 00:00:00",31869,,9610
"2017-04-11 00:00:00",33368,,13364
"2017-04-12 00:00:00",31830,,22865
"2017-04-13 00:00:00",33275,,14391
"2017-04-14 00:00:00",41249,,8055
"2017-04-15 00:00:00",41408,,7476
"2017-04-16 00:00:00",35431,,12558
"2017-04-17 00:00:00",33931,,9831
"2017-04-18 00:00:00",30520,,15782
"2017-04-19 00:00:00",31243,,10634
"2017-04-20 00:00:00",34123,,15031
"2017-04-21 00:00:00",41322,,8189
"2017-04-22 00:00:00",43843,,8464
"2017-04-23 00:00:00",41425,,9745
"2017-04-24 00:00:00",32632,,10109
"2017-04-25 00:00:00",31724,,13988
"2017-04-26 00:00:00",31812,,8604
"2017-04-27 00:00:00",27318,,17637
"2017-04-28 00:00:00",38046,,10403
"2017-04-29 00:00:00",40762,,10162
"2017-04-30 00:00:00",39098,,8844
"2017-05-01 00:00:00",34663,,7508
"2017-05-02 00:00:00",29560,,14655
"2017-05-03 00:00:00",32770,,10043
"2017-05-04 00:00:00",31659,,12127
"2017-05-05 00:00:00",36446,,7877
"2017-05-06 00:00:00",41734,,8090
"2017-05-07 00:00:00",38679,,14260
"2017-05-08 00:00:00",32644,,9635
"2017-05-09 00:00:00",32496,,8422
"2017-05-10 00:00:00",32427,,7598
"2017-05-11 00:00:00",31080,,13806
"2017-05-12 00:00:00",38553,,8030
"2017-05-13 00:00:00",42961,,11018
"2017-05-14 00:00:00",39438,,8442
"2017-05-15 00:00:00",30307,,9299
"2017-05-16 00:00:00",31276,,9121
"2017-05-17 00:00:00",28084,,9062
"2017-05-18 00:00:00",31227,,8357
"2017-05-19 00:00:00",38575,,6490
"2017-05-20 00:00:00",44112,,19117
"2017-05-21 00:00:00",41247,,42521
"2017-05-22 00:00:00",34149,,7349
"2017-05-23 00:00:00",35380,,6291
"2017-05-24 00:00:00",33858,,9476
"2017-05-25 00:00:00",37099,,8216
"2017-05-26 00:00:00",36806,,8623
"2017-05-27 00:00:00",42580,,7992
"2017-05-28 00:00:00",41757,,8263
"2017-05-29 00:00:00",37841,,9868
"2017-05-30 00:00:00",34362,,8292
"2017-05-31 00:00:00",33716,,6912
"2017-06-01 00:00:00",32332,,11749
"2017-06-02 00:00:00",37401,,7758
"2017-06-03 00:00:00",41789,,8687
"2017-06-04 00:00:00",39881,,14092
"2017-06-05 00:00:00",32524,,7405
"2017-06-06 00:00:00",41872,,8443
"2017-06-07 00:00:00",36008,,11853
"2017-06-08 00:00:00",38813,,8552
"2017-06-09 00:00:00",40013,,12119
"2017-06-10 00:00:00",43245,,7847
"2017-06-11 00:00:00",39932,,10765
"2017-06-12 00:00:00",33613,,6248
"2017-06-13 00:00:00",33401,,8502
"2017-06-14 00:00:00",33488,,6964
"2017-06-15 00:00:00",34020,,14184
"2017-06-16 00:00:00",37120,,6753
"2017-06-17 00:00:00",39479,,12331
"2017-06-18 00:00:00",36015,,10680
"2017-06-19 00:00:00",31938,,9388
"2017-06-20 00:00:00",33326,,15550
"2017-06-21 00:00:00",34105,,12849
"2017-06-22 00:00:00",33281,,13215
"2017-06-23 00:00:00",36018,,9269
"2017-06-24 00:00:00",39512,,8595
"2017-06-25 00:00:00",37887,,10171
"2017-06-26 00:00:00",34256,,11536
"2017-06-27 00:00:00",36331,,15473
"2017-06-28 00:00:00",36339,,12122
"2017-06-29 00:00:00",36616,,12714
"2017-06-30 00:00:00",39700,,11178
"2017-07-01 00:00:00",40825,,15434
"2017-07-02 00:00:00",40708,,9288
"2017-07-03 00:00:00",37191,,7313
"2017-07-04 00:00:00",38908,,12109
"2017-07-05 00:00:00",40157,,10721
"2017-07-06 00:00:00",32907,,12777
"2017-07-07 00:00:00",40187,,10109
"2017-07-08 00:00:00",40925,,7301
"2017-07-09 00:00:00",40866,,9082
"2017-07-10 00:00:00",38919,,8472
"2017-07-11 00:00:00",40072,,15744
"2017-07-12 00:00:00",40185,,14410
"2017-07-13 00:00:00",39358,,12836
"2017-07-14 00:00:00",39883,,10092
"2017-07-15 00:00:00",40710,,9737
"2017-07-16 00:00:00",40948,,11754
"2017-07-17 00:00:00",37202,,11199
"2017-07-18 00:00:00",41428,,17247
"2017-07-19 00:00:00",47328,,19214
"2017-07-20 00:00:00",44865,,26039
"2017-07-21 00:00:00",45400,,19050
"2017-07-22 00:00:00",44982,,6994
"2017-07-23 00:00:00",45683,,8847
"2017-07-24 00:00:00",46943,,11822
"2017-07-25 00:00:00",44500,,16106
"2017-07-26 00:00:00",43782,,27820
"2017-07-27 00:00:00",45642,,13963
"2017-07-28 00:00:00",42977,,10605
"2017-07-29 00:00:00",44938,,12151
"2017-07-30 00:00:00",44341,,16363
"2017-07-31 00:00:00",43001,,10078
"2017-08-01 00:00:00",44625,,13881
"2017-08-02 00:00:00",43815,,9311
"2017-08-03 00:00:00",43416,,11051
"2017-08-04 00:00:00",42986,,11457
"2017-08-05 00:00:00",46276,,11744
"2017-08-06 00:00:00",45979,,8844
"2017-08-07 00:00:00",42329,,10330
"2017-08-08 00:00:00",43224,,11865
"2017-08-09 00:00:00",41609,,13869
"2017-08-10 00:00:00",45223,,14419
"2017-08-11 00:00:00",45045,,9457
"2017-08-12 00:00:00",47407,,10044
"2017-08-13 00:00:00",47100,,12447
"2017-08-14 00:00:00",44519,,18124
"2017-08-15 00:00:00",46707,,10592
"2017-08-16 00:00:00",45407,,10685
"2017-08-17 00:00:00",45989,,10434
"2017-08-18 00:00:00",46772,,10126
"2017-08-19 00:00:00",49317,,10095
"2017-08-20 00:00:00",52824,,11832
"2017-08-21 00:00:00",44338,,7444
"2017-08-22 00:00:00",45610,,7164
"2017-08-23 00:00:00",48113,,12427
"2017-08-24 00:00:00",46362,,7403
"2017-08-25 00:00:00",61243,,29103
"2017-08-26 00:00:00",71400,,35180
"2017-08-27 00:00:00",73864,,10803
"2017-08-28 00:00:00",56503,,9892
"2017-08-29 00:00:00",56919,,13216
"2017-08-30 00:00:00",52762,,13114
"2017-08-31 00:00:00",50562,,10066
"2017-09-01 00:00:00",55089,,13384
"2017-09-02 00:00:00",60044,,10548
"2017-09-03 00:00:00",56966,,14743
"2017-09-04 00:00:00",50387,,15977
"2017-09-05 00:00:00",49224,,22508
"2017-09-06 00:00:00",61969,,21272
"2017-09-07 00:00:00",60038,,14874
"2017-09-08 00:00:00",63409,,43306
"2017-09-09 00:00:00",70963,,42148
"2017-09-10 00:00:00",67816,,15830
"2017-09-11 00:00:00",51417,,24755
"2017-09-12 00:00:00",54074,,16929
"2017-09-13 00:00:00",56361,,33140
"2017-09-14 00:00:00",52066,,11917
"2017-09-15 00:00:00",63555,,35498
"2017-09-16 00:00:00",67376,,36957
"2017-09-17 00:00:00",62374,,17075
"2017-09-18 00:00:00",45734,,38850
"2017-09-19 00:00:00",44249,,44124
"2017-09-20 00:00:00",50664,,37549
"2017-09-21 00:00:00",48481,,28057
"2017-09-22 00:00:00",53989,,33239
"2017-09-23 00:00:00",62385,,42009
"2017-09-24 00:00:00",60212,,10945
"2017-09-25 00:00:00",42692,,45720
"2017-09-26 00:00:00",42612,,45911
"2017-09-27 00:00:00",45246,,25527
"2017-09-28 00:00:00",41854,,18949
"2017-09-29 00:00:00",51542,,16861
"2017-09-30 00:00:00",62054,,21795
"2017-10-01 00:00:00",57167,,17136
"2017-10-02 00:00:00",49812,,45178
"2017-10-03 00:00:00",52916,,48619
"2017-10-04 00:00:00",46581,,14137
"2017-10-05 00:00:00",48899,,14061
"2017-10-06 00:00:00",51618,,13365
"2017-10-07 00:00:00",60052,,40659
"2017-10-08 00:00:00",54896,,12735
"2017-10-09 00:00:00",42914,,34552
"2017-10-10 00:00:00",41356,,16787
"2017-10-11 00:00:00",40974,,15380
"2017-10-12 00:00:00",40959,,11183
"2017-10-13 00:00:00",47892,,9418
"2017-10-14 00:00:00",54539,,9370
"2017-10-15 00:00:00",49446,,7363
"2017-10-16 00:00:00",37049,,31457
"2017-10-17 00:00:00",40572,,18866
"2017-10-18 00:00:00",38731,,24881
"2017-10-19 00:00:00",37556,,25578
"2017-10-20 00:00:00",47256,,9577
"2017-10-21 00:00:00",55693,,11726
"2017-10-22 00:00:00",49840,,14070
"2017-10-23 00:00:00",39817,,15132
"2017-10-24 00:00:00",37477,,7501
"2017-10-25 00:00:00",39835,,12628
"2017-10-26 00:00:00",39820,,12662
"2017-10-27 00:00:00",49336,,10078
"2017-10-28 00:00:00",54731,,9770
"2017-10-29 00:00:00",49101,,11455
"2017-10-30 00:00:00",39094,,14384
"2017-10-31 00:00:00",40934,,13622
"2017-11-01 00:00:00",41172,,16697
"2017-11-02 00:00:00",41726,,32204
"2017-11-03 00:00:00",49120,,30868
"2017-11-04 00:00:00",53742,,15481
"2017-11-05 00:00:00",49633,,17549
"2017-11-06 00:00:00",35734,,12837
"2017-11-07 00:00:00",37155,,7230
"2017-11-08 00:00:00",35528,,6464
"2017-11-09 00:00:00",34556,,11454
"2017-11-10 00:00:00",46161,,11676
"2017-11-11 00:00:00",52214,,27167
"2017-11-12 00:00:00",46899,,10623
"2017-11-13 00:00:00",34239,,7525
"2017-11-14 00:00:00",34916,,11060
"2017-11-15 00:00:00",34548,,14089
"2017-11-16 00:00:00",36732,,10786
"2017-11-17 00:00:00",63909,,10797
"2017-11-18 00:00:00",93584,,52471
"2017-11-19 00:00:00",96599,,82332
"2017-11-20 00:00:00",73222,,16933
"2017-11-21 00:00:00",71280,,16066
"2017-11-22 00:00:00",71467,,15430
"2017-11-23 00:00:00",69509,,10486
"2017-11-24 00:00:00",84895,,12108
"2017-11-25 00:00:00",99655,,13063
"2017-11-26 00:00:00",95402,,14579
"2017-11-27 00:00:00",74808,,13940
"2017-11-28 00:00:00",75123,,14855
"2017-11-29 00:00:00",79865,,9809
"2017-11-30 00:00:00",74824,,12287
"2017-12-01 00:00:00",89333,,12203
"2017-12-02 00:00:00",98992,,16128
"2017-12-03 00:00:00",91042,,15958
"2017-12-04 00:00:00",69839,,14786
"2017-12-05 00:00:00",70620,,22919
"2017-12-06 00:00:00",85261,,24792
"2017-12-07 00:00:00",82604,,15491
"2017-12-08 00:00:00",90701,,13140
"2017-12-09 00:00:00",100845,,10469
"2017-12-10 00:00:00",93341,,33037
"2017-12-11 00:00:00",70966,,12693
"2017-12-12 00:00:00",68414,,16060
"2017-12-13 00:00:00",73472,,16372
"2017-12-14 00:00:00",61218,,18508
"2017-12-15 00:00:00",81503,,11464
"2017-12-16 00:00:00",95518,,16169
"2017-12-17 00:00:00",82371,,15882
"2017-12-18 00:00:00",68898,,12584
"2017-12-19 00:00:00",72470,,16641
"2017-12-20 00:00:00",76339,,13784
"2017-12-21 00:00:00",80476,,41808
"2017-12-22 00:00:00",88812,,64807
"2017-12-23 00:00:00",92471,,10062
"2017-12-24 00:00:00",84658,,12786
"2017-12-25 00:00:00",77995,,8323
"2017-12-26 00:00:00",86983,,12713
"2017-12-27 00:00:00",92090,,11264
"2017-12-28 00:00:00",92155,,11707
"2017-12-29 00:00:00",96539,,46742
"2017-12-30 00:00:00",99035,,55684
"2017-12-31 00:00:00",95477,,10508
"2018-01-01 00:00:00",87474,,12910
"2018-01-02 00:00:00",90574,,16037
"2018-01-03 00:00:00",88547,,12148
"2018-01-04 00:00:00",92955,,14208
"2018-01-05 00:00:00",102587,,17332
"2018-01-06 00:00:00",109318,,50325
"2018-01-07 00:00:00",102226,,17042
"2018-01-08 00:00:00",80542,,18234
"2018-01-09 00:00:00",78834,,27069
"2018-01-10 00:00:00",80999,,23020
"2018-01-11 00:00:00",79497,,19988
"2018-01-12 00:00:00",91391,,20985
"2018-01-13 00:00:00",107452,,22239
"2018-01-14 00:00:00",97520,,18096
"2018-01-15 00:00:00",79231,,22691
"2018-01-16 00:00:00",77053,,20321
"2018-01-17 00:00:00",79287,,12710
"2018-01-18 00:00:00",79366,,11272
"2018-01-19 00:00:00",88238,,14578
"2018-01-20 00:00:00",100428,,11832
"2018-01-21 00:00:00",94972,,12627
"2018-01-22 00:00:00",85102,,11114
"2018-01-23 00:00:00",71072,,14708
"2018-01-24 00:00:00",82543,,12878
"2018-01-25 00:00:00",82954,,13479
"2018-01-26 00:00:00",85414,,15374
"2018-01-27 00:00:00",96554,,8193
"2018-01-28 00:00:00",95701,,10702
"2018-01-29 00:00:00",74595,,12343
"2018-01-30 00:00:00",80850,,11666
"2018-01-31 00:00:00",77290,,10380
"2018-02-01 00:00:00",80086,,14853
"2018-02-02 00:00:00",89437,,11956
"2018-02-03 00:00:00",99612,,12682
"2018-02-04 00:00:00",99184,,11244
"2018-02-05 00:00:00",77394,,15299
"2018-02-06 00:00:00",79990,,11491
"2018-02-07 00:00:00",85371,,11889
"2018-02-08 00:00:00",81674,,19055
"2018-02-09 00:00:00",88099,,36913
"2018-02-10 00:00:00",98058,,10558
"2018-02-11 00:00:00",99128,,13363
"2018-02-12 00:00:00",82961,,15017
"2018-02-13 00:00:00",82384,,61121
"2018-02-14 00:00:00",76498,,61338
"2018-02-15 00:00:00",83156,,61814
"2018-02-16 00:00:00",97797,,180394
"2018-02-17 00:00:00",116140,,193333
"2018-02-18 00:00:00",125454,,253734
"2018-02-19 00:00:00",99430,,46617
"2018-02-20 00:00:00",96798,,59288
"2018-02-21 00:00:00",96344,,67559
"2018-02-22 00:00:00",94184,,22019
"2018-02-23 00:00:00",110336,,18447
"2018-02-24 00:00:00",121054,,37488
"2018-02-25 00:00:00",119290,,24750
"2018-02-26 00:00:00",97181,,39084
"2018-02-27 00:00:00",100533,,43347
"2018-02-28 00:00:00",103176,,26861
"2018-03-01 00:00:00",106002,,17877
"2018-03-02 00:00:00",119563,,19055
"2018-03-03 00:00:00",133106,,13887
"2018-03-04 00:00:00",123702,,17188
"2018-03-05 00:00:00",101042,,39389
"2018-03-06 00:00:00",117007,,43122
"2018-03-07 00:00:00",176784,,43745
"2018-03-08 00:00:00",153274,,46588
"2018-03-09 00:00:00",162181,,38278
"2018-03-10 00:00:00",178953,,54492
"2018-03-11 00:00:00",161990,,47060
"2018-03-12 00:00:00",123333,,41455
"2018-03-13 00:00:00",123552,,30616
"2018-03-14 00:00:00",110788,,39939
"2018-03-15 00:00:00",118957,,35907
"2018-03-16 00:00:00",138714,,49999
"2018-03-17 00:00:00",152188,,24297
"2018-03-18 00:00:00",139913,,37531
"2018-03-19 00:00:00",92766,,24384
"2018-03-20 00:00:00",100055,,20734
"2018-03-21 00:00:00",113768,,26605
"2018-03-22 00:00:00",107697,,31108
"2018-03-23 00:00:00",127072,,24070
"2018-03-24 00:00:00",144311,,24474
"2018-03-25 00:00:00",143612,,19356
"2018-03-26 00:00:00",113769,,15409
"2018-03-27 00:00:00",112499,,18779
"2018-03-28 00:00:00",114548,,45291
"2018-03-29 00:00:00",114748,,24852
"2018-03-30 00:00:00",130504,,15415
"2018-03-31 00:00:00",131928,,15421
"2018-04-01 00:00:00",116954,,26285
"2018-04-02 00:00:00",112092,,16905
"2018-04-03 00:00:00",106402,,19866
"2018-04-04 00:00:00",115611,,25817
"2018-04-05 00:00:00",111211,,31528
"2018-04-06 00:00:00",113381,,23147
"2018-04-07 00:00:00",114997,,24375
"2018-04-08 00:00:00",111651,,25981
"2018-04-09 00:00:00",97062,,19467
"2018-04-10 00:00:00",99065,,20131
"2018-04-11 00:00:00",99836,,19000
"2018-04-12 00:00:00",103153,,25593
"2018-04-13 00:00:00",116529,,13566
"2018-04-14 00:00:00",125070,,19841
"2018-04-15 00:00:00",115606,,30708
"2018-04-16 00:00:00",98763,,15779
"2018-04-17 00:00:00",100741,,27618
"2018-04-18 00:00:00",102921,,22458
"2018-04-19 00:00:00",99486,,28014
"2018-04-20 00:00:00",114101,,16235
"2018-04-21 00:00:00",122786,,16626
"2018-04-22 00:00:00",109659,,20027
"2018-04-23 00:00:00",94883,,15417
"2018-04-24 00:00:00",95809,,20852
"2018-04-25 00:00:00",94304,,24221
"2018-04-26 00:00:00",94136,,45756
"2018-04-27 00:00:00",104382,,19258
"2018-04-28 00:00:00",114224,,19092
"2018-04-29 00:00:00",111034,,25830
"2018-04-30 00:00:00",104954,,17474
"2018-05-01 00:00:00",101234,,16698
"2018-05-02 00:00:00",95123,,12843
"2018-05-03 00:00:00",92726,,18925
"2018-05-04 00:00:00",114267,,10989
"2018-05-05 00:00:00",115247,,20793
"2018-05-06 00:00:00",105536,,30928
"2018-05-07 00:00:00",90823,,30691
"2018-05-08 00:00:00",94746,,14554
"2018-05-09 00:00:00",95171,,13972
"2018-05-10 00:00:00",95557,,16402
"2018-05-11 00:00:00",103776,,11397
"2018-05-12 00:00:00",112276,,17427
"2018-05-13 00:00:00",102137,,14371
"2018-05-14 00:00:00",91782,,16175
"2018-05-15 00:00:00",87907,,13515
"2018-05-16 00:00:00",88788,,16427
"2018-05-17 00:00:00",90882,,18427
"2018-05-18 00:00:00",121151,,30719
"2018-05-19 00:00:00",142308,,134397
"2018-05-20 00:00:00",132135,,188964
"2018-05-21 00:00:00",126584,,22799
"2018-05-22 00:00:00",119771,,33534
"2018-05-23 00:00:00",111129,,47334
"2018-05-24 00:00:00",88049,,19630
"2018-05-25 00:00:00",124443,,19061
"2018-05-26 00:00:00",128728,,14963
"2018-05-27 00:00:00",116412,,22734
"2018-05-28 00:00:00",94252,,22433
"2018-05-29 00:00:00",102977,,14196
"2018-05-30 00:00:00",102086,,13378
"2018-05-31 00:00:00",100383,,19511
"2018-06-01 00:00:00",112414,,22708
"2018-06-02 00:00:00",118663,,26037
"2018-06-03 00:00:00",109559,,36920
"2018-06-04 00:00:00",95674,,35227
"2018-06-05 00:00:00",100292,,18605
"2018-06-06 00:00:00",99107,,15799
"2018-06-07 00:00:00",113277,,28204
"2018-06-08 00:00:00",143183,,26865
"2018-06-09 00:00:00",138078,,23865
"2018-06-10 00:00:00",126963,,25047
"2018-06-11 00:00:00",107252,,16046
"2018-06-12 00:00:00",107971,,16199
"2018-06-13 00:00:00",103912,,16129
"2018-06-14 00:00:00",105130,,19565
"2018-06-15 00:00:00",108109,,12049
"2018-06-16 00:00:00",107182,,19274
"2018-06-17 00:00:00",110746,,18753
"2018-06-18 00:00:00",94083,,57753
"2018-06-19 00:00:00",95176,,71776
"2018-06-20 00:00:00",84967,,37001
"2018-06-21 00:00:00",96030,,23952
"2018-06-22 00:00:00",102882,,22379
"2018-06-23 00:00:00",104886,,46447
"2018-06-24 00:00:00",102018,,23126
"2018-06-25 00:00:00",92010,,20282
"2018-06-26 00:00:00",94587,,33805
"2018-06-27 00:00:00",96400,,30972
"2018-06-28 00:00:00",91241,,27623
"2018-06-29 00:00:00",92605,,42015
"2018-06-30 00:00:00",97915,,39626
"2018-07-01 00:00:00",95867,,25608
"2018-07-02 00:00:00",90938,,19467
"2018-07-03 00:00:00",94167,,31781
"2018-07-04 00:00:00",101689,,51662
"2018-07-05 00:00:00",101223,,24837
"2018-07-06 00:00:00",105094,,49293
"2018-07-07 00:00:00",107758,,52614
"2018-07-08 00:00:00",103735,,64272
"2018-07-09 00:00:00",100118,,61115
"2018-07-10 00:00:00",103368,,72535
"2018-07-11 00:00:00",104640,,33700
"2018-07-12 00:00:00",101519,,56654
"2018-07-13 00:00:00",105175,,55337
"2018-07-14 00:00:00",103839,,31250
"2018-07-15 00:00:00",105208,,55844
"2018-07-16 00:00:00",102451,,47594
"2018-07-17 00:00:00",110262,,40094
"2018-07-18 00:00:00",115114,,43136
"2018-07-19 00:00:00",109919,,44098
"2018-07-20 00:00:00",112900,,47823
"2018-07-21 00:00:00",114890,,47681
"2018-07-22 00:00:00",117024,,19832
"2018-07-23 00:00:00",101733,,44955
"2018-07-24 00:00:00",103414,,21837
"2018-07-25 00:00:00",101492,,32730
"2018-07-26 00:00:00",99899,,29651
"2018-07-27 00:00:00",99937,,26007
"2018-07-28 00:00:00",100351,,33554
"2018-07-29 00:00:00",100890,,27959
"2018-07-30 00:00:00",98632,,62109
"2018-07-31 00:00:00",97898,,60506
"2018-08-01 00:00:00",98429,,17857
"2018-08-02 00:00:00",98668,,50704
"2018-08-03 00:00:00",99352,,47783
"2018-08-04 00:00:00",101525,,48028
"2018-08-05 00:00:00",104660,,57154
"2018-08-06 00:00:00",101685,,44248
"2018-08-07 00:00:00",102510,,45358
"2018-08-08 00:00:00",103377,,45802
"2018-08-09 00:00:00",99770,,18257
"2018-08-10 00:00:00",92390,,39767
"2018-08-11 00:00:00",95825,,14800
"2018-08-12 00:00:00",96412,,43066
"2018-08-13 00:00:00",94901,,61239
"2018-08-14 00:00:00",98694,,51755
"2018-08-15 00:00:00",96687,,46168
"2018-08-16 00:00:00",95486,,52812
"2018-08-17 00:00:00",115832,,128067
"2018-08-18 00:00:00",130546,,143275
"2018-08-19 00:00:00",135451,,211067
"2018-08-20 00:00:00",130937,,31637
"2018-08-21 00:00:00",115763,,51833
"2018-08-22 00:00:00",127904,,41546
"2018-08-23 00:00:00",117509,,19912
"2018-08-24 00:00:00",119387,,18359
"2018-08-25 00:00:00",125197,,46291
"2018-08-26 00:00:00",123400,,45971
"2018-08-27 00:00:00",112769,,61157
"2018-08-28 00:00:00",113633,,27785
"2018-08-29 00:00:00",111728,,22703
"2018-08-30 00:00:00",109767,,18516
"2018-08-31 00:00:00",116400,,17297
"2018-09-01 00:00:00",120196,,17382
"2018-09-02 00:00:00",114438,,19257
"2018-09-03 00:00:00",103969,,21863
"2018-09-04 00:00:00",100068,,46608
"2018-09-05 00:00:00",131179,,47315
"2018-09-06 00:00:00",115465,,37656
"2018-09-07 00:00:00",132514,,48089
"2018-09-08 00:00:00",143730,,26248
"2018-09-09 00:00:00",133116,,48540
"2018-09-10 00:00:00",106701,,20293
"2018-09-11 00:00:00",115973,,24259
"2018-09-12 00:00:00",109740,,36837
"2018-09-13 00:00:00",102976,,34150
"2018-09-14 00:00:00",121226,,34911
"2018-09-15 00:00:00",135045,,15880
"2018-09-16 00:00:00",125152,,13178
"2018-09-17 00:00:00",96234,,21197
"2018-09-18 00:00:00",84296,,45064
"2018-09-19 00:00:00",92501,,42045
"2018-09-20 00:00:00",94771,,48590
"2018-09-21 00:00:00",111938,,35818
"2018-09-22 00:00:00",124402,,42233
"2018-09-23 00:00:00",126777,,36721
"2018-09-24 00:00:00",93336,,44563
"2018-09-25 00:00:00",96011,,48598
"2018-09-26 00:00:00",98224,,46124
"2018-09-27 00:00:00",93838,,32338
"2018-09-28 00:00:00",104731,,39309
"2018-09-29 00:00:00",120925,,42190
"2018-09-30 00:00:00",128742,,41689
"2018-10-01 00:00:00",89811,,16571
"2018-10-02 00:00:00",103859,,19096
"2018-10-03 00:00:00",103513,,20314
"2018-10-04 00:00:00",97084,,21636
"2018-10-05 00:00:00",106187,,12276
"2018-10-06 00:00:00",123540,,15218
"2018-10-07 00:00:00",114832,,20906
"2018-10-08 00:00:00",93751,,40487
"2018-10-09 00:00:00",91079,,40606
"2018-10-10 00:00:00",88462,,46862
"2018-10-11 00:00:00",86674,,46989
"2018-10-12 00:00:00",104687,,16311
"2018-10-13 00:00:00",116878,,19161
"2018-10-14 00:00:00",105244,,16602
"2018-10-15 00:00:00",81899,,17087
"2018-10-16 00:00:00",82457,,14495
"2018-10-17 00:00:00",83135,,18410
"2018-10-18 00:00:00",74790,,22756
"2018-10-19 00:00:00",98100,,9103
"2018-10-20 00:00:00",110389,,11749
"2018-10-21 00:00:00",98350,,12879
"2018-10-22 00:00:00",78477,,20269
"2018-10-23 00:00:00",80593,,16900
"2018-10-24 00:00:00",81915,,20580
"2018-10-25 00:00:00",85027,,18829
"2018-10-26 00:00:00",119919,,11613
"2018-10-27 00:00:00",123993,,12299
"2018-10-28 00:00:00",109146,,14801
"2018-10-29 00:00:00",86014,,13328
"2018-10-30 00:00:00",83350,,10021
"2018-10-31 00:00:00",81973,,12448
"2018-11-01 00:00:00",83860,,9964
"2018-11-02 00:00:00",92803,,37756
"2018-11-03 00:00:00",98551,,16853
"2018-11-04 00:00:00",88432,,15325
"2018-11-05 00:00:00",67888,,14928
"2018-11-06 00:00:00",69185,,17183
"2018-11-07 00:00:00",69112,,11181
"2018-11-08 00:00:00",68480,,37997
"2018-11-09 00:00:00",81381,,35224
"2018-11-10 00:00:00",95421,,14659
"2018-11-11 00:00:00",87034,,12847
"2018-11-12 00:00:00",67068,,11930
"2018-11-13 00:00:00",69018,,42789
"2018-11-14 00:00:00",63082,,10921
"2018-11-15 00:00:00",69210,,35404
"2018-11-16 00:00:00",93847,,20774
"2018-11-17 00:00:00",114655,,124927
"2018-11-18 00:00:00",113514,,178256
"2018-11-19 00:00:00",86188,,39266
"2018-11-20 00:00:00",88439,,52027
"2018-11-21 00:00:00",88184,,47945
"2018-11-22 00:00:00",87101,,34786
"2018-11-23 00:00:00",100470,,19644
"2018-11-24 00:00:00",115938,,13212
"2018-11-25 00:00:00",106763,,18260
"2018-11-26 00:00:00",80694,,15960
"2018-11-27 00:00:00",84153,,14485
"2018-11-28 00:00:00",77417,,14441
"2018-11-29 00:00:00",83117,,32964
"2018-11-30 00:00:00",98156,,39385
"2018-12-01 00:00:00",118926,,41548
"2018-12-02 00:00:00",109578,,47750
"2018-12-03 00:00:00",81308,,20071
"2018-12-04 00:00:00",74274,,30316
"2018-12-05 00:00:00",105418,,48030
"2018-12-06 00:00:00",98490,,42308
"2018-12-07 00:00:00",109276,,47860
"2018-12-08 00:00:00",121731,,16053
"2018-12-09 00:00:00",111757,,24522
"2018-12-10 00:00:00",86727,,39819
"2018-12-11 00:00:00",86450,,30162
"2018-12-12 00:00:00",87966,,36858
"2018-12-13 00:00:00",87333,,37322
"2018-12-14 00:00:00",101520,,16352
"2018-12-15 00:00:00",114102,,46276
"2018-12-16 00:00:00",104805,,49454
"2018-12-17 00:00:00",76609,,53408
"2018-12-18 00:00:00",83902,,34029
"2018-12-19 00:00:00",85647,,29711
"2018-12-20 00:00:00",85425,,19563
"2018-12-21 00:00:00",104888,,28668
"2018-12-22 00:00:00",113148,,20514
"2018-12-23 00:00:00",106929,,17581
"2018-12-24 00:00:00",99220,,11889
"2018-12-25 00:00:00",113159,,14763
"2018-12-26 00:00:00",116734,,16217
"2018-12-27 00:00:00",113423,,31656
"2018-12-28 00:00:00",120624,,30826
"2018-12-29 00:00:00",130554,,21158
"2018-12-30 00:00:00",128939,,35018
"2018-12-31 00:00:00",121531,,38046
"2019-01-01 00:00:00",115245,,27136
"2019-01-02 00:00:00",116029,,37282
"2019-01-03 00:00:00",116388,,40116
"2019-01-04 00:00:00",131544,,51111
"2019-01-05 00:00:00",137631,,20541
"2019-01-06 00:00:00",125619,,24038
"2019-01-07 00:00:00",101320,,30518
"2019-01-08 00:00:00",100987,,28508
"2019-01-09 00:00:00",100656,,51478
"2019-01-10 00:00:00",98973,,40331
"2019-01-11 00:00:00",113337,,33650
"2019-01-12 00:00:00",127994,,28321
"2019-01-13 00:00:00",121317,,26232
"2019-01-14 00:00:00",96645,,49888
"2019-01-15 00:00:00",96971,,56535
"2019-01-16 00:00:00",97432,,36382
"2019-01-17 00:00:00",97225,,39994
"2019-01-18 00:00:00",108348,,35584
"2019-01-19 00:00:00",122974,,37865
"2019-01-20 00:00:00",120265,,57654
"2019-01-21 00:00:00",97265,,24673
"2019-01-22 00:00:00",99868,,42758
"2019-01-23 00:00:00",102869,,45705
"2019-01-24 00:00:00",98843,,28263
"2019-01-25 00:00:00",105246,,32601
"2019-01-26 00:00:00",137626,,34438
"2019-01-27 00:00:00",135617,,43054
"2019-01-28 00:00:00",106544,,38251
"2019-01-29 00:00:00",98161,,32371
"2019-01-30 00:00:00",101967,,106550
"2019-01-31 00:00:00",99800,,97230
"2019-02-01 00:00:00",106006,,20293
"2019-02-02 00:00:00",124735,,42985
"2019-02-03 00:00:00",122361,,39515
"2019-02-04 00:00:00",89903,,14272
"2019-02-05 00:00:00",80569,,13060
"2019-02-06 00:00:00",92929,,11059
"2019-02-07 00:00:00",90643,,11879
"2019-02-08 00:00:00",99168,,10671
"2019-02-09 00:00:00",122695,,13686
"2019-02-10 00:00:00",123491,,12993
"2019-02-11 00:00:00",96816,,85090
"2019-02-12 00:00:00",97120,,77514
"2019-02-13 00:00:00",101698,,80071
"2019-02-14 00:00:00",96657,,67368
"2019-02-15 00:00:00",112135,,143119
"2019-02-16 00:00:00",136018,,150355
"2019-02-17 00:00:00",133484,,228088
"2019-02-18 00:00:00",113379,,25107
"2019-02-19 00:00:00",95780,,20549
"2019-02-20 00:00:00",101282,,14790
"2019-02-21 00:00:00",105026,,13895
"2019-02-22 00:00:00",107033,,12255
"2019-02-23 00:00:00",119952,,12824
"2019-02-24 00:00:00",111072,,18237
"2019-02-25 00:00:00",86104,,21040
"2019-02-26 00:00:00",88210,,15259
"2019-02-27 00:00:00",89807,,14793
"2019-02-28 00:00:00",89016,,37531
"2019-03-01 00:00:00",102883,,15271
"2019-03-02 00:00:00",117069,,14306
"2019-03-03 00:00:00",105643,,17557
"2019-03-04 00:00:00",87016,,14040
"2019-03-05 00:00:00",89120,,15423
"2019-03-06 00:00:00",78409,,79142
"2019-03-07 00:00:00",98248,,71827
"2019-03-08 00:00:00",115527,,70255
"2019-03-09 00:00:00",135746,,23531
"2019-03-10 00:00:00",126920,,41685
"2019-03-11 00:00:00",93672,,51821
"2019-03-12 00:00:00",93920,,22345
"2019-03-13 00:00:00",96744,,28031
"2019-03-14 00:00:00",95901,,28638
"2019-03-15 00:00:00",114283,,33337
"2019-03-16 00:00:00",133761,,29005
"2019-03-17 00:00:00",122489,,22392
"2019-03-18 00:00:00",92189,,20602
"2019-03-19 00:00:00",83090,,22007
"2019-03-20 00:00:00",93383,,27278
"2019-03-21 00:00:00",91957,,22041
"2019-03-22 00:00:00",108552,,29977
"2019-03-23 00:00:00",125685,,16348
"2019-03-24 00:00:00",114778,,20704
"2019-03-25 00:00:00",86630,,16209
"2019-03-26 00:00:00",86274,,16226
"2019-03-27 00:00:00",90225,,30103
"2019-03-28 00:00:00",87571,,19533
"2019-03-29 00:00:00",105415,,27304
"2019-03-30 00:00:00",118175,,17490
"2019-03-31 00:00:00",108717,,19361
"2019-04-01 00:00:00",102820,,24677
"2019-04-02 00:00:00",114371,,43003
"2019-04-03 00:00:00",108096,,46211
"2019-04-04 00:00:00",103782,,20850
"2019-04-05 00:00:00",111192,,35236
"2019-04-06 00:00:00",114228,,29656
"2019-04-07 00:00:00",110738,,44134
"2019-04-08 00:00:00",94089,,48981
"2019-04-09 00:00:00",89634,,25481
"2019-04-10 00:00:00",93391,,26507
"2019-04-11 00:00:00",91894,,21742
"2019-04-12 00:00:00",110970,,33650
"2019-04-13 00:00:00",125421,,19060
"2019-04-14 00:00:00",113323,,37111
"2019-04-15 00:00:00",92094,,19650
"2019-04-16 00:00:00",86030,,20458
"2019-04-17 00:00:00",90127,,21515
"2019-04-18 00:00:00",96030,,19222
"2019-04-19 00:00:00",111497,,35885
"2019-04-20 00:00:00",113107,,15437
"2019-04-21 00:00:00",98428,,22324
"2019-04-22 00:00:00",93654,,18261
"2019-04-23 00:00:00",88578,,20390
"2019-04-24 00:00:00",83417,,23860
"2019-04-25 00:00:00",84424,,19782
"2019-04-26 00:00:00",96065,,23455
"2019-04-27 00:00:00",101912,,14662
"2019-04-28 00:00:00",98045,,18696
"2019-04-29 00:00:00",81121,,17925
"2019-04-30 00:00:00",87896,,15432
"2019-05-01 00:00:00",95733,,15457
"2019-05-02 00:00:00",86342,,15874
"2019-05-03 00:00:00",95298,,22694
"2019-05-04 00:00:00",100251,,14694
"2019-05-05 00:00:00",99939,,19046
"2019-05-06 00:00:00",81672,,15605
"2019-05-07 00:00:00",80357,,18435
"2019-05-08 00:00:00",83450,,25071
"2019-05-09 00:00:00",80707,,17486
"2019-05-10 00:00:00",97033,,20644
"2019-05-11 00:00:00",109311,,16798
"2019-05-12 00:00:00",96951,,22036
"2019-05-13 00:00:00",71418,,20654
"2019-05-14 00:00:00",61766,,24577
"2019-05-15 00:00:00",84666,,35411
"2019-05-16 00:00:00",84482,,16032
"2019-05-17 00:00:00",103950,,28746
"2019-05-18 00:00:00",115431,,96093
"2019-05-19 00:00:00",106240,,135807
"2019-05-20 00:00:00",90725,,18991
"2019-05-21 00:00:00",94894,,24367
"2019-05-22 00:00:00",90913,,36943
"2019-05-23 00:00:00",89622,,16084
"2019-05-24 00:00:00",105074,,14880
"2019-05-25 00:00:00",115531,,14257
"2019-05-26 00:00:00",104409,,17809
"2019-05-27 00:00:00",89834,,18498
"2019-05-28 00:00:00",90805,,16259
"2019-05-29 00:00:00",90470,,19058
"2019-05-30 00:00:00",93867,,17337
"2019-05-31 00:00:00",104459,,17034
"2019-06-01 00:00:00",99784,,17847
"2019-06-02 00:00:00",101548,,17630
"2019-06-03 00:00:00",85792,,38272
"2019-06-04 00:00:00",87791,,34028
"2019-06-05 00:00:00",89222,,61846
"2019-06-06 00:00:00",101874,,45828
"2019-06-07 00:00:00",109946,,47370
"2019-06-08 00:00:00",121883,,41076
"2019-06-09 00:00:00",116337,,41758
"2019-06-10 00:00:00",106254,,174279
"2019-06-11 00:00:00",114333,,38464
"2019-06-12 00:00:00",134534,,32633
"2019-06-13 00:00:00",126119,,24713
"2019-06-14 00:00:00",135458,,25624
"2019-06-15 00:00:00",140445,,37480
"2019-06-16 00:00:00",129947,,26839
"2019-06-17 00:00:00",114259,,38336
"2019-06-18 00:00:00",119749,,45915
"2019-06-19 00:00:00",117740,,42531
"2019-06-20 00:00:00",120479,,45927
"2019-06-21 00:00:00",125733,,40611
"2019-06-22 00:00:00",129290,,32030
"2019-06-23 00:00:00",122049,,43935
"2019-06-24 00:00:00",104366,,41557
"2019-06-25 00:00:00",107594,,32679
"2019-06-26 00:00:00",106998,,45433
"2019-06-27 00:00:00",106957,,36248
"2019-06-28 00:00:00",115462,,32218
"2019-06-29 00:00:00",116900,,23820
"2019-06-30 00:00:00",115182,,25698
"2019-07-01 00:00:00",107430,,23103
"2019-07-02 00:00:00",124810,,33474
"2019-07-03 00:00:00",128935,,66962
"2019-07-04 00:00:00",119331,,60209
"2019-07-05 00:00:00",123412,,32606
"2019-07-06 00:00:00",124324,,31432
"2019-07-07 00:00:00",122366,,28789
"2019-07-08 00:00:00",112880,,20878
"2019-07-09 00:00:00",111746,,19897
"2019-07-10 00:00:00",113506,,42383
"2019-07-11 00:00:00",113425,,28013
"2019-07-12 00:00:00",118367,,29498
"2019-07-13 00:00:00",120138,,25819
"2019-07-14 00:00:00",118322,,22922
"2019-07-15 00:00:00",111362,,31233
"2019-07-16 00:00:00",111453,,38827
"2019-07-17 00:00:00",108604,,31556
"2019-07-18 00:00:00",109334,,19335
"2019-07-19 00:00:00",113042,,21584
"2019-07-20 00:00:00",114044,,24591
"2019-07-21 00:00:00",113222,,20169
"2019-07-22 00:00:00",102121,,29118
"2019-07-23 00:00:00",104510,,41642
"2019-07-24 00:00:00",103610,,33143
"2019-07-25 00:00:00",102749,,31592
"2019-07-26 00:00:00",105865,,32990
"2019-07-27 00:00:00",107262,,40447
"2019-07-28 00:00:00",107710,,30966
"2019-07-29 00:00:00",103664,,35402
"2019-07-30 00:00:00",104534,,17333
"2019-07-31 00:00:00",104314,,22687
"2019-08-01 00:00:00",94930,,18896
"2019-08-02 00:00:00",104081,,19502
"2019-08-03 00:00:00",105159,,28364
"2019-08-04 00:00:00",104519,,23288
"2019-08-05 00:00:00",100121,,18390
"2019-08-06 00:00:00",102016,,46108
"2019-08-07 00:00:00",99515,,14541
"2019-08-08 00:00:00",101718,,28397
"2019-08-09 00:00:00",106984,,29276
"2019-08-10 00:00:00",108644,,25948
"2019-08-11 00:00:00",107968,,14036
"2019-08-12 00:00:00",96059,,93768
"2019-08-13 00:00:00",95674,,83337
"2019-08-14 00:00:00",103614,,59039
"2019-08-15 00:00:00",102178,,31503
"2019-08-16 00:00:00",109891,,135330
"2019-08-17 00:00:00",115973,,130791
"2019-08-18 00:00:00",114841,,209536
"2019-08-19 00:00:00",114675,,23275
"2019-08-20 00:00:00",109797,,26094
"2019-08-21 00:00:00",109274,,26241
"2019-08-22 00:00:00",108739,,36187
"2019-08-23 00:00:00",114495,,21578
"2019-08-24 00:00:00",119281,,18485
"2019-08-25 00:00:00",118254,,31736
"2019-08-26 00:00:00",106782,,35144
"2019-08-27 00:00:00",106989,,16402
"2019-08-28 00:00:00",108406,,33478
"2019-08-29 00:00:00",117927,,30061
"2019-08-30 00:00:00",131091,,37904
"2019-08-31 00:00:00",139650,,17780
"2019-09-01 00:00:00",136587,,18294
"2019-09-02 00:00:00",123759,,23146
"2019-09-03 00:00:00",118028,,17772
"2019-09-04 00:00:00",116319,,17807
"2019-09-05 00:00:00",108690,,13451
"2019-09-06 00:00:00",122856,,54919
"2019-09-07 00:00:00",137589,,65276
"2019-09-08 00:00:00",127276,,85241
"2019-09-09 00:00:00",99743,,31982
"2019-09-10 00:00:00",101844,,40254
"2019-09-11 00:00:00",107614,,55929
"2019-09-12 00:00:00",135754,,55744
"2019-09-13 00:00:00",131161,,47640
"2019-09-14 00:00:00",148620,,35264
"2019-09-15 00:00:00",141987,,30901
"2019-09-16 00:00:00",102430,,20220
"2019-09-17 00:00:00",109000,,22641
"2019-09-18 00:00:00",106693,,32148
"2019-09-19 00:00:00",103357,,28714
"2019-09-20 00:00:00",131803,,17955
"2019-09-21 00:00:00",142341,,26379
"2019-09-22 00:00:00",130571,,16710
"2019-09-23 00:00:00",98819,,32427
"2019-09-24 00:00:00",102654,,23447
"2019-09-25 00:00:00",104320,,33203
"2019-09-26 00:00:00",101164,,23509
"2019-09-27 00:00:00",116640,,32288
"2019-09-28 00:00:00",127078,,31673
"2019-09-29 00:00:00",128180,,16356
"2019-09-30 00:00:00",103691,,36128
"2019-10-01 00:00:00",100115,,20526
"2019-10-02 00:00:00",97676,,28721
"2019-10-03 00:00:00",98321,,20376
"2019-10-04 00:00:00",103248,,26381
"2019-10-05 00:00:00",118948,,17899
"2019-10-06 00:00:00",117442,,24050
"2019-10-07 00:00:00",85712,,39017
"2019-10-08 00:00:00",79674,,19325
"2019-10-09 00:00:00",88795,,23340
"2019-10-10 00:00:00",85193,,22024
"2019-10-11 00:00:00",100379,,30387
"2019-10-12 00:00:00",114854,,33114
"2019-10-13 00:00:00",106240,,49437
"2019-10-14 00:00:00",85811,,32564
"2019-10-15 00:00:00",78637,,21441
"2019-10-16 00:00:00",86649,,22552
"2019-10-17 00:00:00",84831,,13934
"2019-10-18 00:00:00",98705,,18339
"2019-10-19 00:00:00",110416,,20967
"2019-10-20 00:00:00",102495,,21147
"2019-10-21 00:00:00",82028,,19859
"2019-10-22 00:00:00",75904,,18334
"2019-10-23 00:00:00",116728,,37734
"2019-10-24 00:00:00",118964,,39073
"2019-10-25 00:00:00",122840,,12362
"2019-10-26 00:00:00",127276,,17361
"2019-10-27 00:00:00",115303,,12457
"2019-10-28 00:00:00",94479,,14581
"2019-10-29 00:00:00",89265,,20808
"2019-10-30 00:00:00",93195,,16080
"2019-10-31 00:00:00",93751,,19232
"2019-11-01 00:00:00",109035,,11025
"2019-11-02 00:00:00",118937,,17452
"2019-11-03 00:00:00",109731,,19526
"2019-11-04 00:00:00",86300,,23647
"2019-11-05 00:00:00",85559,,17475
"2019-11-06 00:00:00",86121,,17499
"2019-11-07 00:00:00",83056,,12692
"2019-11-08 00:00:00",100542,,10262
"2019-11-09 00:00:00",116669,,71483
"2019-11-10 00:00:00",103244,,83460
"2019-11-11 00:00:00",87630,,16812
"2019-11-12 00:00:00",84487,,14103
"2019-11-13 00:00:00",86207,,12336
"2019-11-14 00:00:00",86378,,12080
"2019-11-15 00:00:00",103621,,12089
"2019-11-16 00:00:00",117910,,20308
"2019-11-17 00:00:00",107758,,15037
"2019-11-18 00:00:00",81138,,14472
"2019-11-19 00:00:00",79844,,19001
"2019-11-20 00:00:00",87762,,18785
"2019-11-21 00:00:00",85761,,19322
"2019-11-22 00:00:00",107406,,20216
"2019-11-23 00:00:00",125817,,31227
"2019-11-24 00:00:00",120136,,29497
"2019-11-25 00:00:00",88549,,27671
"2019-11-26 00:00:00",88210,,27570
"2019-11-27 00:00:00",86568,,23519
"2019-11-28 00:00:00",85151,,23136
"2019-11-29 00:00:00",108358,,22056
"2019-11-30 00:00:00",120470,,26272
"2019-12-01 00:00:00",114531,,26563
"2019-12-02 00:00:00",87946,,18546
"2019-12-03 00:00:00",87518,,34068
"2019-12-04 00:00:00",114841,,29624
"2019-12-05 00:00:00",110504,,68913
"2019-12-06 00:00:00",126410,,36965
"2019-12-07 00:00:00",140398,,36039
"2019-12-08 00:00:00",128397,,43539
"2019-12-09 00:00:00",99323,,20292
"2019-12-10 00:00:00",95732,,18639
"2019-12-11 00:00:00",102249,,15564
"2019-12-12 00:00:00",95651,,15469
"2019-12-13 00:00:00",113194,,36868
"2019-12-14 00:00:00",129183,,30101
"2019-12-15 00:00:00",118973,,35330
"2019-12-16 00:00:00",92815,,28968
"2019-12-17 00:00:00",95647,,51655
"2019-12-18 00:00:00",95259,,52632
"2019-12-19 00:00:00",87228,,19821
"2019-12-20 00:00:00",116323,,24736
"2019-12-21 00:00:00",123059,,21193
"2019-12-22 00:00:00",118544,,35548
"2019-12-23 00:00:00",110330,,18105
"2019-12-24 00:00:00",124890,,28772
"2019-12-25 00:00:00",113322,,29730
"2019-12-26 00:00:00",120015,,29777
"2019-12-27 00:00:00",132008,,29143
"2019-12-28 00:00:00",133540,,28149
"2019-12-29 00:00:00",129263,,28994
"2019-12-30 00:00:00",124528,,36662
"2019-12-31 00:00:00",125444,,34186
"2020-01-01 00:00:00",120206,,25956
"2020-01-02 00:00:00",125056,,32100
"2020-01-03 00:00:00",136339,,27055
"2020-01-04 00:00:00",140199,,37798
"2020-01-05 00:00:00",133509,,41004
"2020-01-06 00:00:00",115215,,49970
"2020-01-07 00:00:00",109932,,35897
"2020-01-08 00:00:00",110681,,46670
"2020-01-09 00:00:00",108544,,26448
"2020-01-10 00:00:00",118388,,27173
"2020-01-11 00:00:00",134087,,21751
"2020-01-12 00:00:00",130225,,20608
"2020-01-13 00:00:00",90076,,44725
"2020-01-14 00:00:00",101438,,24852
"2020-01-15 00:00:00",116182,,41444
"2020-01-16 00:00:00",133008,,28812
"2020-01-17 00:00:00",140222,,22741
"2020-01-18 00:00:00",150275,,18406
"2020-01-19 00:00:00",151916,,35036
"2020-01-20 00:00:00",135901,,52925
"2020-01-21 00:00:00",125466,,32726
"2020-01-22 00:00:00",130085,,40640
"2020-01-23 00:00:00",126910,,30803
"2020-01-24 00:00:00",132784,,31826
"2020-01-25 00:00:00",151879,,25903
"2020-01-26 00:00:00",158371,,37008
"2020-01-27 00:00:00",127919,,54126
"2020-01-28 00:00:00",120303,,30400
"2020-01-29 00:00:00",135294,,31874
"2020-01-30 00:00:00",133744,,27648
"2020-01-31 00:00:00",143939,,15599
"2020-02-01 00:00:00",160055,,19301
"2020-02-02 00:00:00",159850,,25509
"2020-02-03 00:00:00",127247,,17331
"2020-02-04 00:00:00",124770,,18470
"2020-02-05 00:00:00",114922,,18050
"2020-02-06 00:00:00",120038,,19571
"2020-02-07 00:00:00",132080,,118222
"2020-02-08 00:00:00",150415,,134045
"2020-02-09 00:00:00",152875,,119916
"2020-02-10 00:00:00",123898,,105395
"2020-02-11 00:00:00",122412,,121730
"2020-02-12 00:00:00",123074,,129876
"2020-02-13 00:00:00",121979,,92084
"2020-02-14 00:00:00",132524,,131222
"2020-02-15 00:00:00",153010,,168286
"2020-02-16 00:00:00",160654,,220612
"2020-02-17 00:00:00",140908,,237036
"2020-02-18 00:00:00",130790,,39093
"2020-02-19 00:00:00",140778,,23356
"2020-02-20 00:00:00",146776,,23190
"2020-02-21 00:00:00",163362,,27476
"2020-02-22 00:00:00",178885,,34618
"2020-02-23 00:00:00",180463,,27287
"2020-02-24 00:00:00",155389,,31709
"2020-02-25 00:00:00",143395,,24568
"2020-02-26 00:00:00",153717,,38113
"2020-02-27 00:00:00",139058,,26167
"2020-02-28 00:00:00",160111,,27693
"2020-02-29 00:00:00",177445,,40793
"2020-03-01 00:00:00",174845,,31536
"2020-03-02 00:00:00",141080,,25098
"2020-03-03 00:00:00",140062,,26928
"2020-03-04 00:00:00",142042,,32780
"2020-03-05 00:00:00",142326,,71847
"2020-03-06 00:00:00",160755,,34816
"2020-03-07 00:00:00",185505,,22601
"2020-03-08 00:00:00",188867,,28230
"2020-03-09 00:00:00",154837,,21876
"2020-03-10 00:00:00",109563,,39821
"2020-03-11 00:00:00",162550,,39895
"2020-03-12 00:00:00",165246,,21881
"2020-03-13 00:00:00",181502,,20166
"2020-03-14 00:00:00",183817,,33725
"2020-03-15 00:00:00",196352,,25375
"2020-03-16 00:00:00",179282,,39003
"2020-03-17 00:00:00",188499,,24270
"2020-03-18 00:00:00",183069,,22873
"2020-03-19 00:00:00",191086,,20029
"2020-03-20 00:00:00",195870,,22688
"2020-03-21 00:00:00",199307,,21772
"2020-03-22 00:00:00",189717,,23879
"2020-03-23 00:00:00",174195,,52070
"2020-03-24 00:00:00",167590,,44624
"2020-03-25 00:00:00",181129,,44886
"2020-03-26 00:00:00",191118,,31367
"2020-03-27 00:00:00",191162,,35179
"2020-03-28 00:00:00",192697,,37621
"2020-03-29 00:00:00",194610,,26662
"2020-03-30 00:00:00",167773,,38574
"2020-03-31 00:00:00",175527,,37185
"2020-04-01 00:00:00",178813,,43144
"2020-04-02 00:00:00",175431,,29298
"2020-04-03 00:00:00",180287,,38718
"2020-04-04 00:00:00",194477,,26750
"2020-04-05 00:00:00",179414,,26175
"2020-04-06 00:00:00",169536,,43037
"2020-04-07 00:00:00",169278,,30029
"2020-04-08 00:00:00",167603,,37408
"2020-04-09 00:00:00",169072,,35766
"2020-04-10 00:00:00",177132,,31312
"2020-04-11 00:00:00",177355,,20157
"2020-04-12 00:00:00",172076,,20212
"2020-04-13 00:00:00",168231,,39262
"2020-04-14 00:00:00",160278,,37155
"2020-04-15 00:00:00",160231,,40855
"2020-04-16 00:00:00",157083,,17881
"2020-04-17 00:00:00",163039,,23858
"2020-04-18 00:00:00",165846,,27973
"2020-04-19 00:00:00",159784,,41440
"2020-04-20 00:00:00",148819,,26968
"2020-04-21 00:00:00",145887,,20605
"2020-04-22 00:00:00",150011,,21742
"2020-04-23 00:00:00",141801,,25237
"2020-04-24 00:00:00",148267,,26335
"2020-04-25 00:00:00",148251,,22945
"2020-04-26 00:00:00",143423,,23942
"2020-04-27 00:00:00",135231,,29103
"2020-04-28 00:00:00",137249,,30150
"2020-04-29 00:00:00",138348,,31050
"2020-04-30 00:00:00",140134,,24567
"2020-05-01 00:00:00",142540,,26994
"2020-05-02 00:00:00",138232,,37611
"2020-05-03 00:00:00",135584,,27740
"2020-05-04 00:00:00",128012,,23039
"2020-05-05 00:00:00",146761,,24052
"2020-05-06 00:00:00",146611,,19441
"2020-05-07 00:00:00",134896,,22948
"2020-05-08 00:00:00",134741,,18912
"2020-05-09 00:00:00",136541,,50015
"2020-05-10 00:00:00",128226,,53106
"2020-05-11 00:00:00",121601,,24151
"2020-05-12 00:00:00",117207,,20867
"2020-05-13 00:00:00",119991,,22709
"2020-05-14 00:00:00",117490,,26466
"2020-05-15 00:00:00",114468,,21998
"2020-05-16 00:00:00",122190,,21382
"2020-05-17 00:00:00",114681,,20290
"2020-05-18 00:00:00",101076,,107021
"2020-05-19 00:00:00",110911,,32030
"2020-05-20 00:00:00",102618,,39513
"2020-05-21 00:00:00",106330,,25045
"2020-05-22 00:00:00",112434,,22206
"2020-05-23 00:00:00",118588,,24278
"2020-05-24 00:00:00",111043,,20259
"2020-05-25 00:00:00",105807,,18715
"2020-05-26 00:00:00",106994,,25782
"2020-05-27 00:00:00",108526,,29305
"2020-05-28 00:00:00",105329,,22938
"2020-05-29 00:00:00",117446,,19784
"2020-05-30 00:00:00",118736,,47502
"2020-05-31 00:00:00",110031,,44039
"2020-06-01 00:00:00",106309,,20501
"2020-06-02 00:00:00",95220,,20065
"2020-06-03 00:00:00",92458,,17933
"2020-06-04 00:00:00",94727,,24262
"2020-06-05 00:00:00",105785,,19180
"2020-06-06 00:00:00",104927,,40267
"2020-06-07 00:00:00",99115,,46329
"2020-06-08 00:00:00",93225,,24191
"2020-06-09 00:00:00",95067,,22687
"2020-06-10 00:00:00",93342,,19070
"2020-06-11 00:00:00",93589,,22280
"2020-06-12 00:00:00",98495,,19544
"2020-06-13 00:00:00",99103,,18726
"2020-06-14 00:00:00",93885,,26256
"2020-06-15 00:00:00",86049,,25089
"2020-06-16 00:00:00",107427,,44351
"2020-06-17 00:00:00",126901,,43743
"2020-06-18 00:00:00",117350,,37812
"2020-06-19 00:00:00",120407,,22989
"2020-06-20 00:00:00",118055,,40854
"2020-06-21 00:00:00",111353,,41122
"2020-06-22 00:00:00",105697,,49203
"2020-06-23 00:00:00",112084,,35488
"2020-06-24 00:00:00",115651,,19533
"2020-06-25 00:00:00",110615,,29379
"2020-06-26 00:00:00",113690,,39880
"2020-06-27 00:00:00",109632,,25883
"2020-06-28 00:00:00",108858,,26229
"2020-06-29 00:00:00",113500,,41987
"2020-06-30 00:00:00",108985,,30761
"2020-07-01 00:00:00",118841,,47393
"2020-07-02 00:00:00",118693,,45194
"2020-07-03 00:00:00",122813,,20318
"2020-07-04 00:00:00",122607,,42647
"2020-07-05 00:00:00",119380,,33987
"2020-07-06 00:00:00",116979,,37926
"2020-07-07 00:00:00",118206,,31415
"2020-07-08 00:00:00",117692,,38844
"2020-07-09 00:00:00",117763,,37992
"2020-07-10 00:00:00",121453,,23445
"2020-07-11 00:00:00",119491,,31715
"2020-07-12 00:00:00",115342,,40135
"2020-07-13 00:00:00",110485,,35583
"2020-07-14 00:00:00",99638,,28784
"2020-07-15 00:00:00",111769,,36656
"2020-07-16 00:00:00",108761,,37859
"2020-07-17 00:00:00",116098,,22208
"2020-07-18 00:00:00",115015,,26630
"2020-07-19 00:00:00",113546,,36532
"2020-07-20 00:00:00",110983,,37904
"2020-07-21 00:00:00",112521,,31139
"2020-07-22 00:00:00",111712,,41937
"2020-07-23 00:00:00",109316,,34259
"2020-07-24 00:00:00",112968,,25032
"2020-07-25 00:00:00",112211,,37630
"2020-07-26 00:00:00",111529,,36578
"2020-07-27 00:00:00",105948,,34962
"2020-07-28 00:00:00",95001,,20612
"2020-07-29 00:00:00",94717,,22506
"2020-07-30 00:00:00",101350,,32597
"2020-07-31 00:00:00",102355,,17177
"2020-08-01 00:00:00",101386,,26622
"2020-08-02 00:00:00",101574,,35680
"2020-08-03 00:00:00",102080,,26763
"2020-08-04 00:00:00",132047,,28123
"2020-08-05 00:00:00",111573,,33084
"2020-08-06 00:00:00",102217,,29409
"2020-08-07 00:00:00",101363,,61702
"2020-08-08 00:00:00",98732,,55586
"2020-08-09 00:00:00",99499,,53141
"2020-08-10 00:00:00",98352,,23391
"2020-08-11 00:00:00",86505,,18705
"2020-08-12 00:00:00",100041,,23902
"2020-08-13 00:00:00",97105,,19650
"2020-08-14 00:00:00",97813,,43926
"2020-08-15 00:00:00",98016,,54067
"2020-08-16 00:00:00",97430,,118677
"2020-08-17 00:00:00",99263,,37034
"2020-08-18 00:00:00",98775,,25973
"2020-08-19 00:00:00",99341,,19578
"2020-08-20 00:00:00",97326,,19241
"2020-08-21 00:00:00",100980,,54540
"2020-08-22 00:00:00",101322,,50110
"2020-08-23 00:00:00",101499,,75461
"2020-08-24 00:00:00",96421,,18399
"2020-08-25 00:00:00",95193,,16822
"2020-08-26 00:00:00",96320,,18418
"2020-08-27 00:00:00",86912,,19483
"2020-08-28 00:00:00",103841,,31467
"2020-08-29 00:00:00",108151,,30776
"2020-08-30 00:00:00",108005,,18981
"2020-08-31 00:00:00",101016,,21160
"2020-09-01 00:00:00",100724,,20297
"2020-09-02 00:00:00",98513,,17932
"2020-09-03 00:00:00",96855,,17785
"2020-09-04 00:00:00",105628,,17169
"2020-09-05 00:00:00",110323,,18603
"2020-09-06 00:00:00",108166,,18539
"2020-09-07 00:00:00",94958,,19625
"2020-09-08 00:00:00",96054,,18307
"2020-09-09 00:00:00",96836,,19858
"2020-09-10 00:00:00",110270,,35088
"2020-09-11 00:00:00",160371,,26420
"2020-09-12 00:00:00",163904,,27484
"2020-09-13 00:00:00",151780,,37520
"2020-09-14 00:00:00",129073,,30316
"2020-09-15 00:00:00",123764,,33140
"2020-09-16 00:00:00",122511,,28927
"2020-09-17 00:00:00",118796,,39679
"2020-09-18 00:00:00",133326,,21473
"2020-09-19 00:00:00",137990,,31987
"2020-09-20 00:00:00",129140,,42691
"2020-09-21 00:00:00",106584,,32494
"2020-09-22 00:00:00",101932,,23955
"2020-09-23 00:00:00",109606,,38820
"2020-09-24 00:00:00",103727,,30718
"2020-09-25 00:00:00",117036,,22827
"2020-09-26 00:00:00",121112,,29353
"2020-09-27 00:00:00",115125,,29378
"2020-09-28 00:00:00",96539,,35033
"2020-09-29 00:00:00",98317,,30286
"2020-09-30 00:00:00",95824,,48552
"2020-10-01 00:00:00",96557,,26499
"2020-10-02 00:00:00",109293,,22576
"2020-10-03 00:00:00",115637,,24657
"2020-10-04 00:00:00",111386,,25173
"2020-10-05 00:00:00",92269,,33731
"2020-10-06 00:00:00",83505,,27920
"2020-10-07 00:00:00",98205,,46641
"2020-10-08 00:00:00",94131,,29405
"2020-10-09 00:00:00",102308,,21858
"2020-10-10 00:00:00",112615,,28008
"2020-10-11 00:00:00",103360,,28918
"2020-10-12 00:00:00",90082,,31088
"2020-10-13 00:00:00",88767,,22979
"2020-10-14 00:00:00",93111,,36634
"2020-10-15 00:00:00",90180,,26171
"2020-10-16 00:00:00",102640,,20085
"2020-10-17 00:00:00",107700,,18350
"2020-10-18 00:00:00",100526,,23682
"2020-10-19 00:00:00",82283,,31803
"2020-10-20 00:00:00",72239,,20746
"2020-10-21 00:00:00",82749,,17027
"2020-10-22 00:00:00",84064,,17072
"2020-10-23 00:00:00",96274,,20759
"2020-10-24 00:00:00",98358,,25149
"2020-10-25 00:00:00",89525,,31007
"2020-10-26 00:00:00",78942,,23303
"2020-10-27 00:00:00",105023,,22222
"2020-10-28 00:00:00",94851,,21487
"2020-10-29 00:00:00",85744,,15335
"2020-10-30 00:00:00",92887,,54753
"2020-10-31 00:00:00",95653,,53197
"2020-11-01 00:00:00",90110,,61565
"2020-11-02 00:00:00",77845,,35206
"2020-11-03 00:00:00",78230,,22218
"2020-11-04 00:00:00",78704,,17840
"2020-11-05 00:00:00",75352,,17422
"2020-11-06 00:00:00",87657,,64689
"2020-11-07 00:00:00",94502,,65821
"2020-11-08 00:00:00",87760,,72060
"2020-11-09 00:00:00",73967,,24339
"2020-11-10 00:00:00",73233,,29428
"2020-11-11 00:00:00",72556,,18089
"2020-11-12 00:00:00",71771,,20514
"2020-11-13 00:00:00",82909,,65015
"2020-11-14 00:00:00",89386,,76808
"2020-11-15 00:00:00",82662,,84835
"2020-11-16 00:00:00",67195,,55933
"2020-11-17 00:00:00",68754,,24884
"2020-11-18 00:00:00",80760,,19539
"2020-11-19 00:00:00",78290,,24193
"2020-11-20 00:00:00",89042,,16961
"2020-11-21 00:00:00",95794,,19824
"2020-11-22 00:00:00",87234,,37603
"2020-11-23 00:00:00",70283,,20291
"2020-11-24 00:00:00",71215,,27221
"2020-11-25 00:00:00",72770,,27955
"2020-11-26 00:00:00",72631,,31665
"2020-11-27 00:00:00",84533,,29926
"2020-11-28 00:00:00",94685,,22561
"2020-11-29 00:00:00",88133,,55624
"2020-11-30 00:00:00",75098,,42184
"2020-12-01 00:00:00",56919,,39648
"2020-12-02 00:00:00",97887,,26808
"2020-12-03 00:00:00",101710,,25808
"2020-12-04 00:00:00",110516,,68289
"2020-12-05 00:00:00",124380,,23098
"2020-12-06 00:00:00",121202,,31137
"2020-12-07 00:00:00",103498,,31492
"2020-12-08 00:00:00",105650,,28613
"2020-12-09 00:00:00",101850,,25832
"2020-12-10 00:00:00",88491,,16027
"2020-12-11 00:00:00",99671,,21470
"2020-12-12 00:00:00",108331,,20144
"2020-12-13 00:00:00",99958,,32858
"2020-12-14 00:00:00",84940,,33515
"2020-12-15 00:00:00",74391,,19389
"2020-12-16 00:00:00",85525,,18273
"2020-12-17 00:00:00",90903,,30386
"2020-12-18 00:00:00",112394,,25026
"2020-12-19 00:00:00",114688,,29242
"2020-12-20 00:00:00",107490,,30256
"2020-12-21 00:00:00",100260,,24387
"2020-12-22 00:00:00",100331,,24865
"2020-12-23 00:00:00",97843,,18733
"2020-12-24 00:00:00",98296,,21941
"2020-12-25 00:00:00",101659,,17020
"2020-12-26 00:00:00",112691,,23855
"2020-12-27 00:00:00",112335,,27598
"2020-12-28 00:00:00",106270,,19408
"2020-12-29 00:00:00",108840,,30317
"2020-12-30 00:00:00",109285,,23179
"2020-12-31 00:00:00",107310,,19416
"2021-01-01 00:00:00",112642,,20344
"2021-01-02 00:00:00",118070,,23483
"2021-01-03 00:00:00",114390,,25339
"2021-01-04 00:00:00",107461,,22838
"2021-01-05 00:00:00",110110,,26427
"2021-01-06 00:00:00",111328,,22634
"2021-01-07 00:00:00",110392,,25437
"2021-01-08 00:00:00",119984,,25727
"2021-01-09 00:00:00",124027,,27155
"2021-01-10 00:00:00",117776,,32377
"2021-01-11 00:00:00",104335,,32356
"2021-01-12 00:00:00",104916,,21091
"2021-01-13 00:00:00",105561,,27639
"2021-01-14 00:00:00",105313,,23901
"2021-01-15 00:00:00",111057,,39390
"2021-01-16 00:00:00",115893,,43768
"2021-01-17 00:00:00",112885,,63165
"2021-01-18 00:00:00",101671,,25201
"2021-01-19 00:00:00",96275,,32086
"2021-01-20 00:00:00",106386,,24620
"2021-01-21 00:00:00",106819,,93604
"2021-01-22 00:00:00",121935,,78713
"2021-01-23 00:00:00",124281,,107995
"2021-01-24 00:00:00",120891,,86747
"2021-01-25 00:00:00",107499,,47955
"2021-01-26 00:00:00",107618,,66402
"2021-01-27 00:00:00",97965,,57340
"2021-01-28 00:00:00",99663,,49567
"2021-01-29 00:00:00",118037,,43411
"2021-01-30 00:00:00",120649,,65252
"2021-01-31 00:00:00",118973,,48314
"2021-02-01 00:00:00",106702,,59863
"2021-02-02 00:00:00",106603,,51921
"2021-02-03 00:00:00",93592,,77417
"2021-02-04 00:00:00",102835,,42299
"2021-02-05 00:00:00",106194,,55833
"2021-02-06 00:00:00",111861,,153200
"2021-02-07 00:00:00",113595,,147112
"2021-02-08 00:00:00",102169,,132949
"2021-02-09 00:00:00",104892,,107824
"2021-02-10 00:00:00",102656,,31544
"2021-02-11 00:00:00",95640,,32967
"2021-02-12 00:00:00",111348,,43886
"2021-02-13 00:00:00",112600,,61003
"2021-02-14 00:00:00",112068,,27453
"2021-02-15 00:00:00",110025,,110915
"2021-02-16 00:00:00",98227,,95082
"2021-02-17 00:00:00",102175,,73011
"2021-02-18 00:00:00",106018,,47607
"2021-02-19 00:00:00",108706,,46962
"2021-02-20 00:00:00",112152,,48035
"2021-02-21 00:00:00",109251,,189888
"2021-02-22 00:00:00",108576,,43704
"2021-02-23 00:00:00",101764,,28113
"2021-02-24 00:00:00",100679,,25267
"2021-02-25 00:00:00",101168,,21809
"2021-02-26 00:00:00",105049,,23810
"2021-02-27 00:00:00",108539,,21565
"2021-02-28 00:00:00",104891,,21176
"2021-03-01 00:00:00",90049,,22937
"2021-03-02 00:00:00",89274,,21024
"2021-03-03 00:00:00",89688,,22546
"2021-03-04 00:00:00",90552,,23020
"2021-03-05 00:00:00",104496,,20063
"2021-03-06 00:00:00",107475,,25057
"2021-03-07 00:00:00",99494,,27686
"2021-03-08 00:00:00",87203,,22136
"2021-03-09 00:00:00",85113,,20308
"2021-03-10 00:00:00",85871,,20285
"2021-03-11 00:00:00",75970,,31060
"2021-03-12 00:00:00",99928,,28722
"2021-03-13 00:00:00",108565,,26230
"2021-03-14 00:00:00",100090,,33580
"2021-03-15 00:00:00",85616,,21891
"2021-03-16 00:00:00",136625,,54964
"2021-03-17 00:00:00",171738,,31941
"2021-03-18 00:00:00",168723,,101830
"2021-03-19 00:00:00",186842,,106812
"2021-03-20 00:00:00",201053,,90373
"2021-03-21 00:00:00",192509,,91669
"2021-03-22 00:00:00",169313,,121497
"2021-03-23 00:00:00",161166,,32676
"2021-03-24 00:00:00",163757,,132388
"2021-03-25 00:00:00",138877,,147081
"2021-03-26 00:00:00",141932,,48439
"2021-03-27 00:00:00",147755,,101633
"2021-03-28 00:00:00",136937,,97695
"2021-03-29 00:00:00",118585,,126542
"2021-03-30 00:00:00",119296,,30665
"2021-03-31 00:00:00",131752,,111939
"2021-04-01 00:00:00",128901,,103485
"2021-04-02 00:00:00",142493,,63244
"2021-04-03 00:00:00",141049,,103895
"2021-04-04 00:00:00",142501,,90654
"2021-04-05 00:00:00",131665,,127797
"2021-04-06 00:00:00",126484,,105982
"2021-04-07 00:00:00",121291,,100163
"2021-04-08 00:00:00",121019,,89983
"2021-04-09 00:00:00",132646,,59144
"2021-04-10 00:00:00",134746,,82259
"2021-04-11 00:00:00",118854,,78095
"2021-04-12 00:00:00",107358,,115751
"2021-04-13 00:00:00",99101,,100377
"2021-04-14 00:00:00",109228,,91824
"2021-04-15 00:00:00",109081,,70527
"2021-04-16 00:00:00",120179,,86053
"2021-04-17 00:00:00",123995,,70774
"2021-04-18 00:00:00",111505,,69547
"2021-04-19 00:00:00",92249,,121586
"2021-04-20 00:00:00",98496,,138301
"2021-04-21 00:00:00",98586,,121773
"2021-04-22 00:00:00",97820,,91561
"2021-04-23 00:00:00",116238,,62001
"2021-04-24 00:00:00",109889,,89979
"2021-04-25 00:00:00",107138,,92526
"2021-04-26 00:00:00",92312,,77737
"2021-04-27 00:00:00",91171,,29114
"2021-04-28 00:00:00",90832,,25356
"2021-04-29 00:00:00",90568,,28344
"2021-04-30 00:00:00",101738,,27143
"2021-05-01 00:00:00",100129,,30914
"2021-05-02 00:00:00",98585,,27205
"2021-05-03 00:00:00",90840,,30249
"2021-05-04 00:00:00",109460,,28421
"2021-05-05 00:00:00",93349,,22565
"2021-05-06 00:00:00",81357,,25285
"2021-05-07 00:00:00",90979,,22862
"2021-05-08 00:00:00",97422,,21720
"2021-05-09 00:00:00",85288,,18799
"2021-05-10 00:00:00",78294,,18648
"2021-05-11 00:00:00",78178,,211950
"2021-05-12 00:00:00",81410,,206969
"2021-05-13 00:00:00",84272,,183743
"2021-05-14 00:00:00",88752,,140593
"2021-05-15 00:00:00",98128,,130766
"2021-05-16 00:00:00",91723,,110364
"2021-05-17 00:00:00",78288,,24488
"2021-05-18 00:00:00",80116,,27231
"2021-05-19 00:00:00",77919,,249713
"2021-05-20 00:00:00",77464,,258624
"2021-05-21 00:00:00",93663,,227753
"2021-05-22 00:00:00",102794,,250025
"2021-05-23 00:00:00",97518,,264979
"2021-05-24 00:00:00",97810,,23058
"2021-05-25 00:00:00",87783,,36268
"2021-05-26 00:00:00",85211,,21156
"2021-05-27 00:00:00",82394,,18984
"2021-05-28 00:00:00",88744,,18927